Region,Antal,Month,Year,Crime
0,74,1,2023,0
0,74,1,2023,0
0,86,2,2023,0
0,86,2,2023,0
0,101,3,2023,0
0,101,3,2023,0
0,83,4,2023,0
0,83,4,2023,0
0,110,5,2023,0
0,110,5,2023,0
0,95,6,2023,0
0,95,6,2023,0
0,57,7,2023,0
0,57,7,2023,0
0,61,8,2023,0
0,61,8,2023,0
0,113,9,2023,0
0,113,9,2023,0
0,104,10,2023,0
0,104,10,2023,0
0,110,11,2023,0
0,110,11,2023,0
0,97,12,2023,0
0,97,12,2023,0
0,194,1,2023,1
0,194,1,2023,1
0,194,1,2023,1
0,194,1,2023,1
0,194,1,2023,1
0,194,1,2023,1
0,194,1,2023,1
0,198,2,2023,1
0,198,2,2023,1
0,198,2,2023,1
0,198,2,2023,1
0,198,2,2023,1
0,198,2,2023,1
0,198,2,2023,1
0,223,3,2023,1
0,223,3,2023,1
0,223,3,2023,1
0,223,3,2023,1
0,223,3,2023,1
0,223,3,2023,1
0,223,3,2023,1
0,224,4,2023,1
0,224,4,2023,1
0,224,4,2023,1
0,224,4,2023,1
0,224,4,2023,1
0,224,4,2023,1
0,224,4,2023,1
0,268,5,2023,1
0,268,5,2023,1
0,268,5,2023,1
0,268,5,2023,1
0,268,5,2023,1
0,268,5,2023,1
0,268,5,2023,1
0,238,6,2023,1
0,238,6,2023,1
0,238,6,2023,1
0,238,6,2023,1
0,238,6,2023,1
0,238,6,2023,1
0,238,6,2023,1
0,173,7,2023,1
0,173,7,2023,1
0,173,7,2023,1
0,173,7,2023,1
0,173,7,2023,1
0,173,7,2023,1
0,173,7,2023,1
0,202,8,2023,1
0,202,8,2023,1
0,202,8,2023,1
0,202,8,2023,1
0,202,8,2023,1
0,202,8,2023,1
0,202,8,2023,1
0,252,9,2023,1
0,252,9,2023,1
0,252,9,2023,1
0,252,9,2023,1
0,252,9,2023,1
0,252,9,2023,1
0,252,9,2023,1
0,268,10,2023,1
0,268,10,2023,1
0,268,10,2023,1
0,268,10,2023,1
0,268,10,2023,1
0,268,10,2023,1
0,268,10,2023,1
0,259,11,2023,1
0,259,11,2023,1
0,259,11,2023,1
0,259,11,2023,1
0,259,11,2023,1
0,259,11,2023,1
0,259,11,2023,1
0,244,12,2023,1
0,244,12,2023,1
0,244,12,2023,1
0,244,12,2023,1
0,244,12,2023,1
0,244,12,2023,1
0,244,12,2023,1
0,95,1,2023,2
0,101,2,2023,2
0,105,3,2023,2
0,124,4,2023,2
0,132,5,2023,2
0,123,6,2023,2
0,106,7,2023,2
0,126,8,2023,2
0,124,9,2023,2
0,139,10,2023,2
0,138,11,2023,2
0,133,12,2023,2
0,3,1,2023,3
0,3,2,2023,3
0,5,3,2023,3
0,5,4,2023,3
0,2,5,2023,3
0,7,6,2023,3
0,6,7,2023,3
0,8,8,2023,3
0,2,9,2023,3
0,11,10,2023,3
0,5,11,2023,3
0,8,12,2023,3
0,21,1,2023,4
0,8,2,2023,4
0,11,3,2023,4
0,11,4,2023,4
0,22,5,2023,4
0,11,6,2023,4
0,4,7,2023,4
0,5,8,2023,4
0,11,9,2023,4
0,14,10,2023,4
0,4,11,2023,4
0,6,12,2023,4
0,1,1,2023,5
0,0,2,2023,5
0,1,3,2023,5
0,1,4,2023,5
0,2,5,2023,5
0,2,6,2023,5
0,0,7,2023,5
0,2,8,2023,5
0,2,9,2023,5
0,0,10,2023,5
0,2,11,2023,5
0,0,12,2023,5
0,67,1,2023,6
0,80,2,2023,6
0,93,3,2023,6
0,78,4,2023,6
0,108,5,2023,6
0,87,6,2023,6
0,54,7,2023,6
0,56,8,2023,6
0,110,9,2023,6
0,100,10,2023,6
0,106,11,2023,6
0,92,12,2023,6
1,7,1,2023,0
1,7,1,2023,0
1,11,2,2023,0
1,11,2,2023,0
1,5,3,2023,0
1,5,3,2023,0
1,9,4,2023,0
1,9,4,2023,0
1,10,5,2023,0
1,10,5,2023,0
1,11,6,2023,0
1,11,6,2023,0
1,9,7,2023,0
1,9,7,2023,0
1,11,8,2023,0
1,11,8,2023,0
1,13,9,2023,0
1,13,9,2023,0
1,16,10,2023,0
1,16,10,2023,0
1,15,11,2023,0
1,15,11,2023,0
1,16,12,2023,0
1,16,12,2023,0
1,34,1,2023,1
1,34,1,2023,1
1,34,1,2023,1
1,34,1,2023,1
1,34,1,2023,1
1,34,1,2023,1
1,34,1,2023,1
1,47,2,2023,1
1,47,2,2023,1
1,47,2,2023,1
1,47,2,2023,1
1,47,2,2023,1
1,47,2,2023,1
1,47,2,2023,1
1,21,3,2023,1
1,21,3,2023,1
1,21,3,2023,1
1,21,3,2023,1
1,21,3,2023,1
1,21,3,2023,1
1,21,3,2023,1
1,33,4,2023,1
1,33,4,2023,1
1,33,4,2023,1
1,33,4,2023,1
1,33,4,2023,1
1,33,4,2023,1
1,33,4,2023,1
1,36,5,2023,1
1,36,5,2023,1
1,36,5,2023,1
1,36,5,2023,1
1,36,5,2023,1
1,36,5,2023,1
1,36,5,2023,1
1,41,6,2023,1
1,41,6,2023,1
1,41,6,2023,1
1,41,6,2023,1
1,41,6,2023,1
1,41,6,2023,1
1,41,6,2023,1
1,35,7,2023,1
1,35,7,2023,1
1,35,7,2023,1
1,35,7,2023,1
1,35,7,2023,1
1,35,7,2023,1
1,35,7,2023,1
1,45,8,2023,1
1,45,8,2023,1
1,45,8,2023,1
1,45,8,2023,1
1,45,8,2023,1
1,45,8,2023,1
1,45,8,2023,1
1,39,9,2023,1
1,39,9,2023,1
1,39,9,2023,1
1,39,9,2023,1
1,39,9,2023,1
1,39,9,2023,1
1,39,9,2023,1
1,50,10,2023,1
1,50,10,2023,1
1,50,10,2023,1
1,50,10,2023,1
1,50,10,2023,1
1,50,10,2023,1
1,50,10,2023,1
1,54,11,2023,1
1,54,11,2023,1
1,54,11,2023,1
1,54,11,2023,1
1,54,11,2023,1
1,54,11,2023,1
1,54,11,2023,1
1,47,12,2023,1
1,47,12,2023,1
1,47,12,2023,1
1,47,12,2023,1
1,47,12,2023,1
1,47,12,2023,1
1,47,12,2023,1
1,26,1,2023,2
1,31,2,2023,2
1,12,3,2023,2
1,21,4,2023,2
1,20,5,2023,2
1,25,6,2023,2
1,21,7,2023,2
1,28,8,2023,2
1,19,9,2023,2
1,28,10,2023,2
1,35,11,2023,2
1,30,12,2023,2
1,0,1,2023,3
1,1,2,2023,3
1,0,3,2023,3
1,3,4,2023,3
1,5,5,2023,3
1,1,6,2023,3
1,0,7,2023,3
1,1,8,2023,3
1,2,9,2023,3
1,1,10,2023,3
1,1,11,2023,3
1,0,12,2023,3
1,1,1,2023,4
1,4,2,2023,4
1,4,3,2023,4
1,0,4,2023,4
1,1,5,2023,4
1,4,6,2023,4
1,5,7,2023,4
1,5,8,2023,4
1,5,9,2023,4
1,5,10,2023,4
1,3,11,2023,4
1,1,12,2023,4
1,0,1,2023,5
1,0,2,2023,5
1,0,3,2023,5
1,0,4,2023,5
1,0,5,2023,5
1,0,6,2023,5
1,0,7,2023,5
1,0,8,2023,5
1,0,9,2023,5
1,0,10,2023,5
1,0,11,2023,5
1,0,12,2023,5
1,7,1,2023,6
1,10,2,2023,6
1,4,3,2023,6
1,9,4,2023,6
1,9,5,2023,6
1,10,6,2023,6
1,9,7,2023,6
1,9,8,2023,6
1,12,9,2023,6
1,12,10,2023,6
1,13,11,2023,6
1,15,12,2023,6
2,68,1,2023,0
2,68,1,2023,0
2,76,2,2023,0
2,76,2,2023,0
2,87,3,2023,0
2,87,3,2023,0
2,93,4,2023,0
2,93,4,2023,0
2,116,5,2023,0
2,116,5,2023,0
2,68,6,2023,0
2,68,6,2023,0
2,74,7,2023,0
2,74,7,2023,0
2,77,8,2023,0
2,77,8,2023,0
2,96,9,2023,0
2,96,9,2023,0
2,124,10,2023,0
2,124,10,2023,0
2,80,11,2023,0
2,80,11,2023,0
2,73,12,2023,0
2,73,12,2023,0
2,195,1,2023,1
2,195,1,2023,1
2,195,1,2023,1
2,195,1,2023,1
2,195,1,2023,1
2,195,1,2023,1
2,195,1,2023,1
2,182,2,2023,1
2,182,2,2023,1
2,182,2,2023,1
2,182,2,2023,1
2,182,2,2023,1
2,182,2,2023,1
2,182,2,2023,1
2,271,3,2023,1
2,271,3,2023,1
2,271,3,2023,1
2,271,3,2023,1
2,271,3,2023,1
2,271,3,2023,1
2,271,3,2023,1
2,274,4,2023,1
2,274,4,2023,1
2,274,4,2023,1
2,274,4,2023,1
2,274,4,2023,1
2,274,4,2023,1
2,274,4,2023,1
2,273,5,2023,1
2,273,5,2023,1
2,273,5,2023,1
2,273,5,2023,1
2,273,5,2023,1
2,273,5,2023,1
2,273,5,2023,1
2,191,6,2023,1
2,191,6,2023,1
2,191,6,2023,1
2,191,6,2023,1
2,191,6,2023,1
2,191,6,2023,1
2,191,6,2023,1
2,190,7,2023,1
2,190,7,2023,1
2,190,7,2023,1
2,190,7,2023,1
2,190,7,2023,1
2,190,7,2023,1
2,190,7,2023,1
2,212,8,2023,1
2,212,8,2023,1
2,212,8,2023,1
2,212,8,2023,1
2,212,8,2023,1
2,212,8,2023,1
2,212,8,2023,1
2,223,9,2023,1
2,223,9,2023,1
2,223,9,2023,1
2,223,9,2023,1
2,223,9,2023,1
2,223,9,2023,1
2,223,9,2023,1
2,276,10,2023,1
2,276,10,2023,1
2,276,10,2023,1
2,276,10,2023,1
2,276,10,2023,1
2,276,10,2023,1
2,276,10,2023,1
2,223,11,2023,1
2,223,11,2023,1
2,223,11,2023,1
2,223,11,2023,1
2,223,11,2023,1
2,223,11,2023,1
2,223,11,2023,1
2,212,12,2023,1
2,212,12,2023,1
2,212,12,2023,1
2,212,12,2023,1
2,212,12,2023,1
2,212,12,2023,1
2,212,12,2023,1
2,114,1,2023,2
2,86,2,2023,2
2,152,3,2023,2
2,152,4,2023,2
2,138,5,2023,2
2,108,6,2023,2
2,97,7,2023,2
2,116,8,2023,2
2,103,9,2023,2
2,137,10,2023,2
2,125,11,2023,2
2,124,12,2023,2
2,5,1,2023,3
2,0,2,2023,3
2,6,3,2023,3
2,5,4,2023,3
2,9,5,2023,3
2,4,6,2023,3
2,6,7,2023,3
2,4,8,2023,3
2,9,9,2023,3
2,7,10,2023,3
2,6,11,2023,3
2,2,12,2023,3
2,5,1,2023,4
2,15,2,2023,4
2,26,3,2023,4
2,21,4,2023,4
2,10,5,2023,4
2,10,6,2023,4
2,11,7,2023,4
2,15,8,2023,4
2,15,9,2023,4
2,7,10,2023,4
2,12,11,2023,4
2,13,12,2023,4
2,3,1,2023,5
2,5,2,2023,5
2,0,3,2023,5
2,3,4,2023,5
2,0,5,2023,5
2,1,6,2023,5
2,2,7,2023,5
2,0,8,2023,5
2,0,9,2023,5
2,1,10,2023,5
2,0,11,2023,5
2,0,12,2023,5
2,62,1,2023,6
2,71,2,2023,6
2,84,3,2023,6
2,91,4,2023,6
2,102,5,2023,6
2,63,6,2023,6
2,61,7,2023,6
2,70,8,2023,6
2,84,9,2023,6
2,111,10,2023,6
2,77,11,2023,6
2,68,12,2023,6
3,72,1,2023,0
3,72,1,2023,0
3,74,2,2023,0
3,74,2,2023,0
3,118,3,2023,0
3,118,3,2023,0
3,91,4,2023,0
3,91,4,2023,0
3,101,5,2023,0
3,101,5,2023,0
3,86,6,2023,0
3,86,6,2023,0
3,83,7,2023,0
3,83,7,2023,0
3,76,8,2023,0
3,76,8,2023,0
3,86,9,2023,0
3,86,9,2023,0
3,94,10,2023,0
3,94,10,2023,0
3,92,11,2023,0
3,92,11,2023,0
3,108,12,2023,0
3,108,12,2023,0
3,212,1,2023,1
3,212,1,2023,1
3,212,1,2023,1
3,212,1,2023,1
3,212,1,2023,1
3,212,1,2023,1
3,212,1,2023,1
3,189,2,2023,1
3,189,2,2023,1
3,189,2,2023,1
3,189,2,2023,1
3,189,2,2023,1
3,189,2,2023,1
3,189,2,2023,1
3,303,3,2023,1
3,303,3,2023,1
3,303,3,2023,1
3,303,3,2023,1
3,303,3,2023,1
3,303,3,2023,1
3,303,3,2023,1
3,254,4,2023,1
3,254,4,2023,1
3,254,4,2023,1
3,254,4,2023,1
3,254,4,2023,1
3,254,4,2023,1
3,254,4,2023,1
3,307,5,2023,1
3,307,5,2023,1
3,307,5,2023,1
3,307,5,2023,1
3,307,5,2023,1
3,307,5,2023,1
3,307,5,2023,1
3,255,6,2023,1
3,255,6,2023,1
3,255,6,2023,1
3,255,6,2023,1
3,255,6,2023,1
3,255,6,2023,1
3,255,6,2023,1
3,211,7,2023,1
3,211,7,2023,1
3,211,7,2023,1
3,211,7,2023,1
3,211,7,2023,1
3,211,7,2023,1
3,211,7,2023,1
3,222,8,2023,1
3,222,8,2023,1
3,222,8,2023,1
3,222,8,2023,1
3,222,8,2023,1
3,222,8,2023,1
3,222,8,2023,1
3,250,9,2023,1
3,250,9,2023,1
3,250,9,2023,1
3,250,9,2023,1
3,250,9,2023,1
3,250,9,2023,1
3,250,9,2023,1
3,260,10,2023,1
3,260,10,2023,1
3,260,10,2023,1
3,260,10,2023,1
3,260,10,2023,1
3,260,10,2023,1
3,260,10,2023,1
3,214,11,2023,1
3,214,11,2023,1
3,214,11,2023,1
3,214,11,2023,1
3,214,11,2023,1
3,214,11,2023,1
3,214,11,2023,1
3,265,12,2023,1
3,265,12,2023,1
3,265,12,2023,1
3,265,12,2023,1
3,265,12,2023,1
3,265,12,2023,1
3,265,12,2023,1
3,116,1,2023,2
3,99,2,2023,2
3,148,3,2023,2
3,143,4,2023,2
3,178,5,2023,2
3,146,6,2023,2
3,107,7,2023,2
3,131,8,2023,2
3,136,9,2023,2
3,148,10,2023,2
3,102,11,2023,2
3,143,12,2023,2
3,10,1,2023,3
3,5,2,2023,3
3,13,3,2023,3
3,4,4,2023,3
3,7,5,2023,3
3,6,6,2023,3
3,6,7,2023,3
3,4,8,2023,3
3,10,9,2023,3
3,1,10,2023,3
3,6,11,2023,3
3,5,12,2023,3
3,10,1,2023,4
3,8,2,2023,4
3,22,3,2023,4
3,14,4,2023,4
3,17,5,2023,4
3,15,6,2023,4
3,14,7,2023,4
3,11,8,2023,4
3,17,9,2023,4
3,17,10,2023,4
3,11,11,2023,4
3,7,12,2023,4
3,4,1,2023,5
3,3,2,2023,5
3,2,3,2023,5
3,2,4,2023,5
3,4,5,2023,5
3,2,6,2023,5
3,1,7,2023,5
3,0,8,2023,5
3,1,9,2023,5
3,0,10,2023,5
3,3,11,2023,5
3,2,12,2023,5
3,69,1,2023,6
3,70,2,2023,6
3,110,3,2023,6
3,86,4,2023,6
3,97,5,2023,6
3,82,6,2023,6
3,73,7,2023,6
3,72,8,2023,6
3,82,9,2023,6
3,91,10,2023,6
3,87,11,2023,6
3,104,12,2023,6
4,51,1,2023,0
4,51,1,2023,0
4,57,2,2023,0
4,57,2,2023,0
4,64,3,2023,0
4,64,3,2023,0
4,55,4,2023,0
4,55,4,2023,0
4,78,5,2023,0
4,78,5,2023,0
4,56,6,2023,0
4,56,6,2023,0
4,45,7,2023,0
4,45,7,2023,0
4,54,8,2023,0
4,54,8,2023,0
4,52,9,2023,0
4,52,9,2023,0
4,65,10,2023,0
4,65,10,2023,0
4,46,11,2023,0
4,46,11,2023,0
4,56,12,2023,0
4,56,12,2023,0
4,168,1,2023,1
4,168,1,2023,1
4,168,1,2023,1
4,168,1,2023,1
4,168,1,2023,1
4,168,1,2023,1
4,168,1,2023,1
4,148,2,2023,1
4,148,2,2023,1
4,148,2,2023,1
4,148,2,2023,1
4,148,2,2023,1
4,148,2,2023,1
4,148,2,2023,1
4,181,3,2023,1
4,181,3,2023,1
4,181,3,2023,1
4,181,3,2023,1
4,181,3,2023,1
4,181,3,2023,1
4,181,3,2023,1
4,161,4,2023,1
4,161,4,2023,1
4,161,4,2023,1
4,161,4,2023,1
4,161,4,2023,1
4,161,4,2023,1
4,161,4,2023,1
4,229,5,2023,1
4,229,5,2023,1
4,229,5,2023,1
4,229,5,2023,1
4,229,5,2023,1
4,229,5,2023,1
4,229,5,2023,1
4,167,6,2023,1
4,167,6,2023,1
4,167,6,2023,1
4,167,6,2023,1
4,167,6,2023,1
4,167,6,2023,1
4,167,6,2023,1
4,141,7,2023,1
4,141,7,2023,1
4,141,7,2023,1
4,141,7,2023,1
4,141,7,2023,1
4,141,7,2023,1
4,141,7,2023,1
4,149,8,2023,1
4,149,8,2023,1
4,149,8,2023,1
4,149,8,2023,1
4,149,8,2023,1
4,149,8,2023,1
4,149,8,2023,1
4,171,9,2023,1
4,171,9,2023,1
4,171,9,2023,1
4,171,9,2023,1
4,171,9,2023,1
4,171,9,2023,1
4,171,9,2023,1
4,204,10,2023,1
4,204,10,2023,1
4,204,10,2023,1
4,204,10,2023,1
4,204,10,2023,1
4,204,10,2023,1
4,204,10,2023,1
4,188,11,2023,1
4,188,11,2023,1
4,188,11,2023,1
4,188,11,2023,1
4,188,11,2023,1
4,188,11,2023,1
4,188,11,2023,1
4,174,12,2023,1
4,174,12,2023,1
4,174,12,2023,1
4,174,12,2023,1
4,174,12,2023,1
4,174,12,2023,1
4,174,12,2023,1
4,97,1,2023,2
4,76,2,2023,2
4,96,3,2023,2
4,92,4,2023,2
4,128,5,2023,2
4,97,6,2023,2
4,85,7,2023,2
4,85,8,2023,2
4,99,9,2023,2
4,117,10,2023,2
4,129,11,2023,2
4,104,12,2023,2
4,4,1,2023,3
4,7,2,2023,3
4,4,3,2023,3
4,5,4,2023,3
4,7,5,2023,3
4,8,6,2023,3
4,1,7,2023,3
4,3,8,2023,3
4,9,9,2023,3
4,9,10,2023,3
4,2,11,2023,3
4,3,12,2023,3
4,13,1,2023,4
4,8,2,2023,4
4,16,3,2023,4
4,9,4,2023,4
4,15,5,2023,4
4,6,6,2023,4
4,9,7,2023,4
4,6,8,2023,4
4,11,9,2023,4
4,12,10,2023,4
4,10,11,2023,4
4,10,12,2023,4
4,3,1,2023,5
4,0,2,2023,5
4,1,3,2023,5
4,0,4,2023,5
4,1,5,2023,5
4,0,6,2023,5
4,1,7,2023,5
4,1,8,2023,5
4,0,9,2023,5
4,1,10,2023,5
4,1,11,2023,5
4,1,12,2023,5
4,42,1,2023,6
4,54,2,2023,6
4,58,3,2023,6
4,50,4,2023,6
4,74,5,2023,6
4,50,6,2023,6
4,42,7,2023,6
4,50,8,2023,6
4,50,9,2023,6
4,64,10,2023,6
4,43,11,2023,6
4,54,12,2023,6
5,3,1,2023,0
5,3,1,2023,0
5,8,2,2023,0
5,8,2,2023,0
5,6,3,2023,0
5,6,3,2023,0
5,8,4,2023,0
5,8,4,2023,0
5,8,5,2023,0
5,8,5,2023,0
5,7,6,2023,0
5,7,6,2023,0
5,5,7,2023,0
5,5,7,2023,0
5,9,8,2023,0
5,9,8,2023,0
5,10,9,2023,0
5,10,9,2023,0
5,11,10,2023,0
5,11,10,2023,0
5,7,11,2023,0
5,7,11,2023,0
5,9,12,2023,0
5,9,12,2023,0
5,20,1,2023,1
5,20,1,2023,1
5,20,1,2023,1
5,20,1,2023,1
5,20,1,2023,1
5,20,1,2023,1
5,20,1,2023,1
5,31,2,2023,1
5,31,2,2023,1
5,31,2,2023,1
5,31,2,2023,1
5,31,2,2023,1
5,31,2,2023,1
5,31,2,2023,1
5,23,3,2023,1
5,23,3,2023,1
5,23,3,2023,1
5,23,3,2023,1
5,23,3,2023,1
5,23,3,2023,1
5,23,3,2023,1
5,31,4,2023,1
5,31,4,2023,1
5,31,4,2023,1
5,31,4,2023,1
5,31,4,2023,1
5,31,4,2023,1
5,31,4,2023,1
5,29,5,2023,1
5,29,5,2023,1
5,29,5,2023,1
5,29,5,2023,1
5,29,5,2023,1
5,29,5,2023,1
5,29,5,2023,1
5,33,6,2023,1
5,33,6,2023,1
5,33,6,2023,1
5,33,6,2023,1
5,33,6,2023,1
5,33,6,2023,1
5,33,6,2023,1
5,16,7,2023,1
5,16,7,2023,1
5,16,7,2023,1
5,16,7,2023,1
5,16,7,2023,1
5,16,7,2023,1
5,16,7,2023,1
5,29,8,2023,1
5,29,8,2023,1
5,29,8,2023,1
5,29,8,2023,1
5,29,8,2023,1
5,29,8,2023,1
5,29,8,2023,1
5,33,9,2023,1
5,33,9,2023,1
5,33,9,2023,1
5,33,9,2023,1
5,33,9,2023,1
5,33,9,2023,1
5,33,9,2023,1
5,29,10,2023,1
5,29,10,2023,1
5,29,10,2023,1
5,29,10,2023,1
5,29,10,2023,1
5,29,10,2023,1
5,29,10,2023,1
5,27,11,2023,1
5,27,11,2023,1
5,27,11,2023,1
5,27,11,2023,1
5,27,11,2023,1
5,27,11,2023,1
5,27,11,2023,1
5,33,12,2023,1
5,33,12,2023,1
5,33,12,2023,1
5,33,12,2023,1
5,33,12,2023,1
5,33,12,2023,1
5,33,12,2023,1
5,15,1,2023,2
5,17,2,2023,2
5,13,3,2023,2
5,18,4,2023,2
5,16,5,2023,2
5,23,6,2023,2
5,10,7,2023,2
5,17,8,2023,2
5,21,9,2023,2
5,16,10,2023,2
5,18,11,2023,2
5,20,12,2023,2
5,0,1,2023,3
5,2,2,2023,3
5,0,3,2023,3
5,1,4,2023,3
5,3,5,2023,3
5,0,6,2023,3
5,1,7,2023,3
5,0,8,2023,3
5,1,9,2023,3
5,0,10,2023,3
5,0,11,2023,3
5,2,12,2023,3
5,2,1,2023,4
5,3,2,2023,4
5,4,3,2023,4
5,4,4,2023,4
5,2,5,2023,4
5,3,6,2023,4
5,0,7,2023,4
5,3,8,2023,4
5,1,9,2023,4
5,2,10,2023,4
5,2,11,2023,4
5,1,12,2023,4
5,0,1,2023,5
5,1,2,2023,5
5,0,3,2023,5
5,0,4,2023,5
5,0,5,2023,5
5,0,6,2023,5
5,0,7,2023,5
5,0,8,2023,5
5,0,9,2023,5
5,0,10,2023,5
5,0,11,2023,5
5,1,12,2023,5
5,3,1,2023,6
5,5,2,2023,6
5,5,3,2023,6
5,8,4,2023,6
5,8,5,2023,6
5,7,6,2023,6
5,5,7,2023,6
5,9,8,2023,6
5,10,9,2023,6
5,11,10,2023,6
5,7,11,2023,6
5,9,12,2023,6
6,11,1,2023,0
6,11,1,2023,0
6,23,2,2023,0
6,23,2,2023,0
6,15,3,2023,0
6,15,3,2023,0
6,8,4,2023,0
6,8,4,2023,0
6,19,5,2023,0
6,19,5,2023,0
6,19,6,2023,0
6,19,6,2023,0
6,6,7,2023,0
6,6,7,2023,0
6,16,8,2023,0
6,16,8,2023,0
6,13,9,2023,0
6,13,9,2023,0
6,21,10,2023,0
6,21,10,2023,0
6,21,11,2023,0
6,21,11,2023,0
6,18,12,2023,0
6,18,12,2023,0
6,32,1,2023,1
6,32,1,2023,1
6,32,1,2023,1
6,32,1,2023,1
6,32,1,2023,1
6,32,1,2023,1
6,32,1,2023,1
6,63,2,2023,1
6,63,2,2023,1
6,63,2,2023,1
6,63,2,2023,1
6,63,2,2023,1
6,63,2,2023,1
6,63,2,2023,1
6,65,3,2023,1
6,65,3,2023,1
6,65,3,2023,1
6,65,3,2023,1
6,65,3,2023,1
6,65,3,2023,1
6,65,3,2023,1
6,56,4,2023,1
6,56,4,2023,1
6,56,4,2023,1
6,56,4,2023,1
6,56,4,2023,1
6,56,4,2023,1
6,56,4,2023,1
6,63,5,2023,1
6,63,5,2023,1
6,63,5,2023,1
6,63,5,2023,1
6,63,5,2023,1
6,63,5,2023,1
6,63,5,2023,1
6,81,6,2023,1
6,81,6,2023,1
6,81,6,2023,1
6,81,6,2023,1
6,81,6,2023,1
6,81,6,2023,1
6,81,6,2023,1
6,45,7,2023,1
6,45,7,2023,1
6,45,7,2023,1
6,45,7,2023,1
6,45,7,2023,1
6,45,7,2023,1
6,45,7,2023,1
6,46,8,2023,1
6,46,8,2023,1
6,46,8,2023,1
6,46,8,2023,1
6,46,8,2023,1
6,46,8,2023,1
6,46,8,2023,1
6,57,9,2023,1
6,57,9,2023,1
6,57,9,2023,1
6,57,9,2023,1
6,57,9,2023,1
6,57,9,2023,1
6,57,9,2023,1
6,57,10,2023,1
6,57,10,2023,1
6,57,10,2023,1
6,57,10,2023,1
6,57,10,2023,1
6,57,10,2023,1
6,57,10,2023,1
6,65,11,2023,1
6,65,11,2023,1
6,65,11,2023,1
6,65,11,2023,1
6,65,11,2023,1
6,65,11,2023,1
6,65,11,2023,1
6,79,12,2023,1
6,79,12,2023,1
6,79,12,2023,1
6,79,12,2023,1
6,79,12,2023,1
6,79,12,2023,1
6,79,12,2023,1
6,20,1,2023,2
6,35,2,2023,2
6,34,3,2023,2
6,36,4,2023,2
6,39,5,2023,2
6,47,6,2023,2
6,27,7,2023,2
6,25,8,2023,2
6,39,9,2023,2
6,33,10,2023,2
6,32,11,2023,2
6,41,12,2023,2
6,1,1,2023,3
6,1,2,2023,3
6,6,3,2023,3
6,5,4,2023,3
6,0,5,2023,3
6,5,6,2023,3
6,3,7,2023,3
6,2,8,2023,3
6,3,9,2023,3
6,2,10,2023,3
6,5,11,2023,3
6,5,12,2023,3
6,0,1,2023,4
6,2,2,2023,4
6,10,3,2023,4
6,7,4,2023,4
6,5,5,2023,4
6,10,6,2023,4
6,9,7,2023,4
6,2,8,2023,4
6,2,9,2023,4
6,1,10,2023,4
6,6,11,2023,4
6,14,12,2023,4
6,0,1,2023,5
6,2,2,2023,5
6,0,3,2023,5
6,0,4,2023,5
6,0,5,2023,5
6,0,6,2023,5
6,0,7,2023,5
6,1,8,2023,5
6,0,9,2023,5
6,0,10,2023,5
6,1,11,2023,5
6,1,12,2023,5
6,9,1,2023,6
6,23,2,2023,6
6,15,3,2023,6
6,7,4,2023,6
6,19,5,2023,6
6,16,6,2023,6
6,5,7,2023,6
6,15,8,2023,6
6,11,9,2023,6
6,19,10,2023,6
6,18,11,2023,6
6,18,12,2023,6
7,46,1,2023,0
7,46,1,2023,0
7,47,2,2023,0
7,47,2,2023,0
7,58,3,2023,0
7,58,3,2023,0
7,33,4,2023,0
7,33,4,2023,0
7,76,5,2023,0
7,76,5,2023,0
7,46,6,2023,0
7,46,6,2023,0
7,40,7,2023,0
7,40,7,2023,0
7,39,8,2023,0
7,39,8,2023,0
7,64,9,2023,0
7,64,9,2023,0
7,22,10,2023,0
7,22,10,2023,0
7,53,11,2023,0
7,53,11,2023,0
7,42,12,2023,0
7,42,12,2023,0
7,135,1,2023,1
7,135,1,2023,1
7,135,1,2023,1
7,135,1,2023,1
7,135,1,2023,1
7,135,1,2023,1
7,135,1,2023,1
7,135,2,2023,1
7,135,2,2023,1
7,135,2,2023,1
7,135,2,2023,1
7,135,2,2023,1
7,135,2,2023,1
7,135,2,2023,1
7,143,3,2023,1
7,143,3,2023,1
7,143,3,2023,1
7,143,3,2023,1
7,143,3,2023,1
7,143,3,2023,1
7,143,3,2023,1
7,136,4,2023,1
7,136,4,2023,1
7,136,4,2023,1
7,136,4,2023,1
7,136,4,2023,1
7,136,4,2023,1
7,136,4,2023,1
7,212,5,2023,1
7,212,5,2023,1
7,212,5,2023,1
7,212,5,2023,1
7,212,5,2023,1
7,212,5,2023,1
7,212,5,2023,1
7,120,6,2023,1
7,120,6,2023,1
7,120,6,2023,1
7,120,6,2023,1
7,120,6,2023,1
7,120,6,2023,1
7,120,6,2023,1
7,134,7,2023,1
7,134,7,2023,1
7,134,7,2023,1
7,134,7,2023,1
7,134,7,2023,1
7,134,7,2023,1
7,134,7,2023,1
7,157,8,2023,1
7,157,8,2023,1
7,157,8,2023,1
7,157,8,2023,1
7,157,8,2023,1
7,157,8,2023,1
7,157,8,2023,1
7,170,9,2023,1
7,170,9,2023,1
7,170,9,2023,1
7,170,9,2023,1
7,170,9,2023,1
7,170,9,2023,1
7,170,9,2023,1
7,136,10,2023,1
7,136,10,2023,1
7,136,10,2023,1
7,136,10,2023,1
7,136,10,2023,1
7,136,10,2023,1
7,136,10,2023,1
7,178,11,2023,1
7,178,11,2023,1
7,178,11,2023,1
7,178,11,2023,1
7,178,11,2023,1
7,178,11,2023,1
7,178,11,2023,1
7,130,12,2023,1
7,130,12,2023,1
7,130,12,2023,1
7,130,12,2023,1
7,130,12,2023,1
7,130,12,2023,1
7,130,12,2023,1
7,83,1,2023,2
7,74,2,2023,2
7,77,3,2023,2
7,84,4,2023,2
7,111,5,2023,2
7,65,6,2023,2
7,77,7,2023,2
7,110,8,2023,2
7,94,9,2023,2
7,97,10,2023,2
7,107,11,2023,2
7,83,12,2023,2
7,3,1,2023,3
7,4,2,2023,3
7,3,3,2023,3
7,3,4,2023,3
7,2,5,2023,3
7,3,6,2023,3
7,7,7,2023,3
7,3,8,2023,3
7,5,9,2023,3
7,4,10,2023,3
7,5,11,2023,3
7,3,12,2023,3
7,2,1,2023,4
7,10,2,2023,4
7,5,3,2023,4
7,15,4,2023,4
7,23,5,2023,4
7,6,6,2023,4
7,10,7,2023,4
7,5,8,2023,4
7,7,9,2023,4
7,11,10,2023,4
7,13,11,2023,4
7,2,12,2023,4
7,1,1,2023,5
7,0,2,2023,5
7,0,3,2023,5
7,1,4,2023,5
7,0,5,2023,5
7,0,6,2023,5
7,0,7,2023,5
7,0,8,2023,5
7,0,9,2023,5
7,2,10,2023,5
7,0,11,2023,5
7,0,12,2023,5
7,42,1,2023,6
7,44,2,2023,6
7,55,3,2023,6
7,31,4,2023,6
7,71,5,2023,6
7,42,6,2023,6
7,36,7,2023,6
7,38,8,2023,6
7,59,9,2023,6
7,21,10,2023,6
7,50,11,2023,6
7,36,12,2023,6
8,64,1,2023,0
8,64,1,2023,0
8,68,2,2023,0
8,68,2,2023,0
8,57,3,2023,0
8,57,3,2023,0
8,60,4,2023,0
8,60,4,2023,0
8,78,5,2023,0
8,78,5,2023,0
8,68,6,2023,0
8,68,6,2023,0
8,54,7,2023,0
8,54,7,2023,0
8,61,8,2023,0
8,61,8,2023,0
8,52,9,2023,0
8,52,9,2023,0
8,65,10,2023,0
8,65,10,2023,0
8,48,11,2023,0
8,48,11,2023,0
8,53,12,2023,0
8,53,12,2023,0
8,179,1,2023,1
8,179,1,2023,1
8,179,1,2023,1
8,179,1,2023,1
8,179,1,2023,1
8,179,1,2023,1
8,179,1,2023,1
8,151,2,2023,1
8,151,2,2023,1
8,151,2,2023,1
8,151,2,2023,1
8,151,2,2023,1
8,151,2,2023,1
8,151,2,2023,1
8,164,3,2023,1
8,164,3,2023,1
8,164,3,2023,1
8,164,3,2023,1
8,164,3,2023,1
8,164,3,2023,1
8,164,3,2023,1
8,171,4,2023,1
8,171,4,2023,1
8,171,4,2023,1
8,171,4,2023,1
8,171,4,2023,1
8,171,4,2023,1
8,171,4,2023,1
8,205,5,2023,1
8,205,5,2023,1
8,205,5,2023,1
8,205,5,2023,1
8,205,5,2023,1
8,205,5,2023,1
8,205,5,2023,1
8,203,6,2023,1
8,203,6,2023,1
8,203,6,2023,1
8,203,6,2023,1
8,203,6,2023,1
8,203,6,2023,1
8,203,6,2023,1
8,159,7,2023,1
8,159,7,2023,1
8,159,7,2023,1
8,159,7,2023,1
8,159,7,2023,1
8,159,7,2023,1
8,159,7,2023,1
8,158,8,2023,1
8,158,8,2023,1
8,158,8,2023,1
8,158,8,2023,1
8,158,8,2023,1
8,158,8,2023,1
8,158,8,2023,1
8,162,9,2023,1
8,162,9,2023,1
8,162,9,2023,1
8,162,9,2023,1
8,162,9,2023,1
8,162,9,2023,1
8,162,9,2023,1
8,178,10,2023,1
8,178,10,2023,1
8,178,10,2023,1
8,178,10,2023,1
8,178,10,2023,1
8,178,10,2023,1
8,178,10,2023,1
8,169,11,2023,1
8,169,11,2023,1
8,169,11,2023,1
8,169,11,2023,1
8,169,11,2023,1
8,169,11,2023,1
8,169,11,2023,1
8,143,12,2023,1
8,143,12,2023,1
8,143,12,2023,1
8,143,12,2023,1
8,143,12,2023,1
8,143,12,2023,1
8,143,12,2023,1
8,94,1,2023,2
8,73,2,2023,2
8,94,3,2023,2
8,101,4,2023,2
8,93,5,2023,2
8,113,6,2023,2
8,82,7,2023,2
8,83,8,2023,2
8,90,9,2023,2
8,87,10,2023,2
8,96,11,2023,2
8,78,12,2023,2
8,6,1,2023,3
8,5,2,2023,3
8,6,3,2023,3
8,1,4,2023,3
8,9,5,2023,3
8,3,6,2023,3
8,3,7,2023,3
8,5,8,2023,3
8,6,9,2023,3
8,8,10,2023,3
8,3,11,2023,3
8,5,12,2023,3
8,14,1,2023,4
8,5,2,2023,4
8,7,3,2023,4
8,7,4,2023,4
8,23,5,2023,4
8,18,6,2023,4
8,19,7,2023,4
8,7,8,2023,4
8,14,9,2023,4
8,18,10,2023,4
8,22,11,2023,4
8,5,12,2023,4
8,1,1,2023,5
8,0,2,2023,5
8,0,3,2023,5
8,2,4,2023,5
8,2,5,2023,5
8,1,6,2023,5
8,1,7,2023,5
8,2,8,2023,5
8,0,9,2023,5
8,0,10,2023,5
8,0,11,2023,5
8,2,12,2023,5
8,61,1,2023,6
8,60,2,2023,6
8,53,3,2023,6
8,57,4,2023,6
8,73,5,2023,6
8,67,6,2023,6
8,50,7,2023,6
8,60,8,2023,6
8,50,9,2023,6
8,64,10,2023,6
8,45,11,2023,6
8,48,12,2023,6
9,14,1,2023,0
9,14,1,2023,0
9,10,2,2023,0
9,10,2,2023,0
9,9,3,2023,0
9,9,3,2023,0
9,13,4,2023,0
9,13,4,2023,0
9,15,5,2023,0
9,15,5,2023,0
9,10,6,2023,0
9,10,6,2023,0
9,7,7,2023,0
9,7,7,2023,0
9,6,8,2023,0
9,6,8,2023,0
9,7,9,2023,0
9,7,9,2023,0
9,18,10,2023,0
9,18,10,2023,0
9,14,11,2023,0
9,14,11,2023,0
9,8,12,2023,0
9,8,12,2023,0
9,41,1,2023,1
9,41,1,2023,1
9,41,1,2023,1
9,41,1,2023,1
9,41,1,2023,1
9,41,1,2023,1
9,41,1,2023,1
9,32,2,2023,1
9,32,2,2023,1
9,32,2,2023,1
9,32,2,2023,1
9,32,2,2023,1
9,32,2,2023,1
9,32,2,2023,1
9,21,3,2023,1
9,21,3,2023,1
9,21,3,2023,1
9,21,3,2023,1
9,21,3,2023,1
9,21,3,2023,1
9,21,3,2023,1
9,37,4,2023,1
9,37,4,2023,1
9,37,4,2023,1
9,37,4,2023,1
9,37,4,2023,1
9,37,4,2023,1
9,37,4,2023,1
9,27,5,2023,1
9,27,5,2023,1
9,27,5,2023,1
9,27,5,2023,1
9,27,5,2023,1
9,27,5,2023,1
9,27,5,2023,1
9,31,6,2023,1
9,31,6,2023,1
9,31,6,2023,1
9,31,6,2023,1
9,31,6,2023,1
9,31,6,2023,1
9,31,6,2023,1
9,26,7,2023,1
9,26,7,2023,1
9,26,7,2023,1
9,26,7,2023,1
9,26,7,2023,1
9,26,7,2023,1
9,26,7,2023,1
9,20,8,2023,1
9,20,8,2023,1
9,20,8,2023,1
9,20,8,2023,1
9,20,8,2023,1
9,20,8,2023,1
9,20,8,2023,1
9,28,9,2023,1
9,28,9,2023,1
9,28,9,2023,1
9,28,9,2023,1
9,28,9,2023,1
9,28,9,2023,1
9,28,9,2023,1
9,51,10,2023,1
9,51,10,2023,1
9,51,10,2023,1
9,51,10,2023,1
9,51,10,2023,1
9,51,10,2023,1
9,51,10,2023,1
9,41,11,2023,1
9,41,11,2023,1
9,41,11,2023,1
9,41,11,2023,1
9,41,11,2023,1
9,41,11,2023,1
9,41,11,2023,1
9,33,12,2023,1
9,33,12,2023,1
9,33,12,2023,1
9,33,12,2023,1
9,33,12,2023,1
9,33,12,2023,1
9,33,12,2023,1
9,23,1,2023,2
9,16,2,2023,2
9,11,3,2023,2
9,17,4,2023,2
9,10,5,2023,2
9,19,6,2023,2
9,18,7,2023,2
9,13,8,2023,2
9,19,9,2023,2
9,30,10,2023,2
9,27,11,2023,2
9,22,12,2023,2
9,0,1,2023,3
9,2,2,2023,3
9,1,3,2023,3
9,0,4,2023,3
9,1,5,2023,3
9,1,6,2023,3
9,1,7,2023,3
9,0,8,2023,3
9,0,9,2023,3
9,0,10,2023,3
9,0,11,2023,3
9,0,12,2023,3
9,4,1,2023,4
9,4,2,2023,4
9,0,3,2023,4
9,7,4,2023,4
9,1,5,2023,4
9,1,6,2023,4
9,0,7,2023,4
9,1,8,2023,4
9,2,9,2023,4
9,3,10,2023,4
9,0,11,2023,4
9,3,12,2023,4
9,0,1,2023,5
9,0,2,2023,5
9,0,3,2023,5
9,0,4,2023,5
9,0,5,2023,5
9,0,6,2023,5
9,0,7,2023,5
9,0,8,2023,5
9,0,9,2023,5
9,0,10,2023,5
9,0,11,2023,5
9,0,12,2023,5
9,14,1,2023,6
9,10,2,2023,6
9,7,3,2023,6
9,11,4,2023,6
9,14,5,2023,6
9,10,6,2023,6
9,6,7,2023,6
9,6,8,2023,6
9,7,9,2023,6
9,18,10,2023,6
9,14,11,2023,6
9,6,12,2023,6
10,45,1,2023,0
10,45,1,2023,0
10,51,2,2023,0
10,51,2,2023,0
10,42,3,2023,0
10,42,3,2023,0
10,30,4,2023,0
10,30,4,2023,0
10,56,5,2023,0
10,56,5,2023,0
10,48,6,2023,0
10,48,6,2023,0
10,43,7,2023,0
10,43,7,2023,0
10,46,8,2023,0
10,46,8,2023,0
10,65,9,2023,0
10,65,9,2023,0
10,55,10,2023,0
10,55,10,2023,0
10,56,11,2023,0
10,56,11,2023,0
10,37,12,2023,0
10,37,12,2023,0
10,125,1,2023,1
10,125,1,2023,1
10,125,1,2023,1
10,125,1,2023,1
10,125,1,2023,1
10,125,1,2023,1
10,125,1,2023,1
10,148,2,2023,1
10,148,2,2023,1
10,148,2,2023,1
10,148,2,2023,1
10,148,2,2023,1
10,148,2,2023,1
10,148,2,2023,1
10,124,3,2023,1
10,124,3,2023,1
10,124,3,2023,1
10,124,3,2023,1
10,124,3,2023,1
10,124,3,2023,1
10,124,3,2023,1
10,97,4,2023,1
10,97,4,2023,1
10,97,4,2023,1
10,97,4,2023,1
10,97,4,2023,1
10,97,4,2023,1
10,97,4,2023,1
10,149,5,2023,1
10,149,5,2023,1
10,149,5,2023,1
10,149,5,2023,1
10,149,5,2023,1
10,149,5,2023,1
10,149,5,2023,1
10,156,6,2023,1
10,156,6,2023,1
10,156,6,2023,1
10,156,6,2023,1
10,156,6,2023,1
10,156,6,2023,1
10,156,6,2023,1
10,135,7,2023,1
10,135,7,2023,1
10,135,7,2023,1
10,135,7,2023,1
10,135,7,2023,1
10,135,7,2023,1
10,135,7,2023,1
10,160,8,2023,1
10,160,8,2023,1
10,160,8,2023,1
10,160,8,2023,1
10,160,8,2023,1
10,160,8,2023,1
10,160,8,2023,1
10,170,9,2023,1
10,170,9,2023,1
10,170,9,2023,1
10,170,9,2023,1
10,170,9,2023,1
10,170,9,2023,1
10,170,9,2023,1
10,133,10,2023,1
10,133,10,2023,1
10,133,10,2023,1
10,133,10,2023,1
10,133,10,2023,1
10,133,10,2023,1
10,133,10,2023,1
10,167,11,2023,1
10,167,11,2023,1
10,167,11,2023,1
10,167,11,2023,1
10,167,11,2023,1
10,167,11,2023,1
10,167,11,2023,1
10,132,12,2023,1
10,132,12,2023,1
10,132,12,2023,1
10,132,12,2023,1
10,132,12,2023,1
10,132,12,2023,1
10,132,12,2023,1
10,69,1,2023,2
10,78,2,2023,2
10,68,3,2023,2
10,60,4,2023,2
10,82,5,2023,2
10,94,6,2023,2
10,76,7,2023,2
10,102,8,2023,2
10,96,9,2023,2
10,70,10,2023,2
10,100,11,2023,2
10,80,12,2023,2
10,1,1,2023,3
10,2,2,2023,3
10,3,3,2023,3
10,1,4,2023,3
10,5,5,2023,3
10,6,6,2023,3
10,2,7,2023,3
10,1,8,2023,3
10,3,9,2023,3
10,2,10,2023,3
10,4,11,2023,3
10,1,12,2023,3
10,9,1,2023,4
10,16,2,2023,4
10,9,3,2023,4
10,5,4,2023,4
10,6,5,2023,4
10,7,6,2023,4
10,12,7,2023,4
10,9,8,2023,4
10,6,9,2023,4
10,6,10,2023,4
10,7,11,2023,4
10,13,12,2023,4
10,1,1,2023,5
10,1,2,2023,5
10,2,3,2023,5
10,1,4,2023,5
10,0,5,2023,5
10,1,6,2023,5
10,2,7,2023,5
10,2,8,2023,5
10,0,9,2023,5
10,0,10,2023,5
10,0,11,2023,5
10,1,12,2023,5
10,39,1,2023,6
10,44,2,2023,6
10,39,3,2023,6
10,26,4,2023,6
10,49,5,2023,6
10,44,6,2023,6
10,39,7,2023,6
10,42,8,2023,6
10,60,9,2023,6
10,47,10,2023,6
10,51,11,2023,6
10,28,12,2023,6
11,42,1,2023,0
11,42,1,2023,0
11,51,2,2023,0
11,51,2,2023,0
11,44,3,2023,0
11,44,3,2023,0
11,59,4,2023,0
11,59,4,2023,0
11,56,5,2023,0
11,56,5,2023,0
11,38,6,2023,0
11,38,6,2023,0
11,27,7,2023,0
11,27,7,2023,0
11,44,8,2023,0
11,44,8,2023,0
11,52,9,2023,0
11,52,9,2023,0
11,46,10,2023,0
11,46,10,2023,0
11,41,11,2023,0
11,41,11,2023,0
11,49,12,2023,0
11,49,12,2023,0
11,158,1,2023,1
11,158,1,2023,1
11,158,1,2023,1
11,158,1,2023,1
11,158,1,2023,1
11,158,1,2023,1
11,158,1,2023,1
11,150,2,2023,1
11,150,2,2023,1
11,150,2,2023,1
11,150,2,2023,1
11,150,2,2023,1
11,150,2,2023,1
11,150,2,2023,1
11,144,3,2023,1
11,144,3,2023,1
11,144,3,2023,1
11,144,3,2023,1
11,144,3,2023,1
11,144,3,2023,1
11,144,3,2023,1
11,192,4,2023,1
11,192,4,2023,1
11,192,4,2023,1
11,192,4,2023,1
11,192,4,2023,1
11,192,4,2023,1
11,192,4,2023,1
11,170,5,2023,1
11,170,5,2023,1
11,170,5,2023,1
11,170,5,2023,1
11,170,5,2023,1
11,170,5,2023,1
11,170,5,2023,1
11,128,6,2023,1
11,128,6,2023,1
11,128,6,2023,1
11,128,6,2023,1
11,128,6,2023,1
11,128,6,2023,1
11,128,6,2023,1
11,109,7,2023,1
11,109,7,2023,1
11,109,7,2023,1
11,109,7,2023,1
11,109,7,2023,1
11,109,7,2023,1
11,109,7,2023,1
11,161,8,2023,1
11,161,8,2023,1
11,161,8,2023,1
11,161,8,2023,1
11,161,8,2023,1
11,161,8,2023,1
11,161,8,2023,1
11,163,9,2023,1
11,163,9,2023,1
11,163,9,2023,1
11,163,9,2023,1
11,163,9,2023,1
11,163,9,2023,1
11,163,9,2023,1
11,183,10,2023,1
11,183,10,2023,1
11,183,10,2023,1
11,183,10,2023,1
11,183,10,2023,1
11,183,10,2023,1
11,183,10,2023,1
11,175,11,2023,1
11,175,11,2023,1
11,175,11,2023,1
11,175,11,2023,1
11,175,11,2023,1
11,175,11,2023,1
11,175,11,2023,1
11,150,12,2023,1
11,150,12,2023,1
11,150,12,2023,1
11,150,12,2023,1
11,150,12,2023,1
11,150,12,2023,1
11,150,12,2023,1
11,82,1,2023,2
11,80,2,2023,2
11,79,3,2023,2
11,106,4,2023,2
11,82,5,2023,2
11,69,6,2023,2
11,64,7,2023,2
11,102,8,2023,2
11,96,9,2023,2
11,126,10,2023,2
11,116,11,2023,2
11,84,12,2023,2
11,4,1,2023,3
11,4,2,2023,3
11,9,3,2023,3
11,5,4,2023,3
11,9,5,2023,3
11,2,6,2023,3
11,0,7,2023,3
11,4,8,2023,3
11,2,9,2023,3
11,2,10,2023,3
11,4,11,2023,3
11,5,12,2023,3
11,30,1,2023,4
11,15,2,2023,4
11,12,3,2023,4
11,21,4,2023,4
11,21,5,2023,4
11,19,6,2023,4
11,15,7,2023,4
11,9,8,2023,4
11,13,9,2023,4
11,9,10,2023,4
11,12,11,2023,4
11,9,12,2023,4
11,0,1,2023,5
11,0,2,2023,5
11,0,3,2023,5
11,1,4,2023,5
11,2,5,2023,5
11,0,6,2023,5
11,3,7,2023,5
11,2,8,2023,5
11,0,9,2023,5
11,0,10,2023,5
11,2,11,2023,5
11,3,12,2023,5
11,40,1,2023,6
11,48,2,2023,6
11,41,3,2023,6
11,58,4,2023,6
11,54,5,2023,6
11,37,6,2023,6
11,26,7,2023,6
11,43,8,2023,6
11,50,9,2023,6
11,42,10,2023,6
11,40,11,2023,6
11,43,12,2023,6
12,68,1,2023,0
12,68,1,2023,0
12,51,2,2023,0
12,51,2,2023,0
12,77,3,2023,0
12,77,3,2023,0
12,60,4,2023,0
12,60,4,2023,0
12,68,5,2023,0
12,68,5,2023,0
12,53,6,2023,0
12,53,6,2023,0
12,62,7,2023,0
12,62,7,2023,0
12,64,8,2023,0
12,64,8,2023,0
12,62,9,2023,0
12,62,9,2023,0
12,58,10,2023,0
12,58,10,2023,0
12,37,11,2023,0
12,37,11,2023,0
12,57,12,2023,0
12,57,12,2023,0
12,195,1,2023,1
12,195,1,2023,1
12,195,1,2023,1
12,195,1,2023,1
12,195,1,2023,1
12,195,1,2023,1
12,195,1,2023,1
12,160,2,2023,1
12,160,2,2023,1
12,160,2,2023,1
12,160,2,2023,1
12,160,2,2023,1
12,160,2,2023,1
12,160,2,2023,1
12,212,3,2023,1
12,212,3,2023,1
12,212,3,2023,1
12,212,3,2023,1
12,212,3,2023,1
12,212,3,2023,1
12,212,3,2023,1
12,141,4,2023,1
12,141,4,2023,1
12,141,4,2023,1
12,141,4,2023,1
12,141,4,2023,1
12,141,4,2023,1
12,141,4,2023,1
12,151,5,2023,1
12,151,5,2023,1
12,151,5,2023,1
12,151,5,2023,1
12,151,5,2023,1
12,151,5,2023,1
12,151,5,2023,1
12,124,6,2023,1
12,124,6,2023,1
12,124,6,2023,1
12,124,6,2023,1
12,124,6,2023,1
12,124,6,2023,1
12,124,6,2023,1
12,155,7,2023,1
12,155,7,2023,1
12,155,7,2023,1
12,155,7,2023,1
12,155,7,2023,1
12,155,7,2023,1
12,155,7,2023,1
12,189,8,2023,1
12,189,8,2023,1
12,189,8,2023,1
12,189,8,2023,1
12,189,8,2023,1
12,189,8,2023,1
12,189,8,2023,1
12,167,9,2023,1
12,167,9,2023,1
12,167,9,2023,1
12,167,9,2023,1
12,167,9,2023,1
12,167,9,2023,1
12,167,9,2023,1
12,179,10,2023,1
12,179,10,2023,1
12,179,10,2023,1
12,179,10,2023,1
12,179,10,2023,1
12,179,10,2023,1
12,179,10,2023,1
12,171,11,2023,1
12,171,11,2023,1
12,171,11,2023,1
12,171,11,2023,1
12,171,11,2023,1
12,171,11,2023,1
12,171,11,2023,1
12,169,12,2023,1
12,169,12,2023,1
12,169,12,2023,1
12,169,12,2023,1
12,169,12,2023,1
12,169,12,2023,1
12,169,12,2023,1
12,104,1,2023,2
12,96,2,2023,2
12,102,3,2023,2
12,66,4,2023,2
12,67,5,2023,2
12,56,6,2023,2
12,75,7,2023,2
12,106,8,2023,2
12,93,9,2023,2
12,104,10,2023,2
12,116,11,2023,2
12,87,12,2023,2
12,4,1,2023,3
12,4,2,2023,3
12,11,3,2023,3
12,7,4,2023,3
12,6,5,2023,3
12,2,6,2023,3
12,5,7,2023,3
12,4,8,2023,3
12,2,9,2023,3
12,5,10,2023,3
12,8,11,2023,3
12,5,12,2023,3
12,17,1,2023,4
12,7,2,2023,4
12,22,3,2023,4
12,8,4,2023,4
12,8,5,2023,4
12,13,6,2023,4
12,11,7,2023,4
12,11,8,2023,4
12,9,9,2023,4
12,12,10,2023,4
12,9,11,2023,4
12,19,12,2023,4
12,2,1,2023,5
12,2,2,2023,5
12,0,3,2023,5
12,0,4,2023,5
12,2,5,2023,5
12,0,6,2023,5
12,2,7,2023,5
12,4,8,2023,5
12,1,9,2023,5
12,0,10,2023,5
12,1,11,2023,5
12,1,12,2023,5
12,57,1,2023,6
12,47,2,2023,6
12,76,3,2023,6
12,55,4,2023,6
12,58,5,2023,6
12,40,6,2023,6
12,60,7,2023,6
12,59,8,2023,6
12,59,9,2023,6
12,54,10,2023,6
12,34,11,2023,6
12,52,12,2023,6
13,47,1,2023,0
13,47,1,2023,0
13,39,2,2023,0
13,39,2,2023,0
13,46,3,2023,0
13,46,3,2023,0
13,47,4,2023,0
13,47,4,2023,0
13,63,5,2023,0
13,63,5,2023,0
13,50,6,2023,0
13,50,6,2023,0
13,45,7,2023,0
13,45,7,2023,0
13,39,8,2023,0
13,39,8,2023,0
13,53,9,2023,0
13,53,9,2023,0
13,39,10,2023,0
13,39,10,2023,0
13,34,11,2023,0
13,34,11,2023,0
13,30,12,2023,0
13,30,12,2023,0
13,153,1,2023,1
13,153,1,2023,1
13,153,1,2023,1
13,153,1,2023,1
13,153,1,2023,1
13,153,1,2023,1
13,153,1,2023,1
13,108,2,2023,1
13,108,2,2023,1
13,108,2,2023,1
13,108,2,2023,1
13,108,2,2023,1
13,108,2,2023,1
13,108,2,2023,1
13,148,3,2023,1
13,148,3,2023,1
13,148,3,2023,1
13,148,3,2023,1
13,148,3,2023,1
13,148,3,2023,1
13,148,3,2023,1
13,138,4,2023,1
13,138,4,2023,1
13,138,4,2023,1
13,138,4,2023,1
13,138,4,2023,1
13,138,4,2023,1
13,138,4,2023,1
13,217,5,2023,1
13,217,5,2023,1
13,217,5,2023,1
13,217,5,2023,1
13,217,5,2023,1
13,217,5,2023,1
13,217,5,2023,1
13,149,6,2023,1
13,149,6,2023,1
13,149,6,2023,1
13,149,6,2023,1
13,149,6,2023,1
13,149,6,2023,1
13,149,6,2023,1
13,136,7,2023,1
13,136,7,2023,1
13,136,7,2023,1
13,136,7,2023,1
13,136,7,2023,1
13,136,7,2023,1
13,136,7,2023,1
13,128,8,2023,1
13,128,8,2023,1
13,128,8,2023,1
13,128,8,2023,1
13,128,8,2023,1
13,128,8,2023,1
13,128,8,2023,1
13,181,9,2023,1
13,181,9,2023,1
13,181,9,2023,1
13,181,9,2023,1
13,181,9,2023,1
13,181,9,2023,1
13,181,9,2023,1
13,164,10,2023,1
13,164,10,2023,1
13,164,10,2023,1
13,164,10,2023,1
13,164,10,2023,1
13,164,10,2023,1
13,164,10,2023,1
13,149,11,2023,1
13,149,11,2023,1
13,149,11,2023,1
13,149,11,2023,1
13,149,11,2023,1
13,149,11,2023,1
13,149,11,2023,1
13,118,12,2023,1
13,118,12,2023,1
13,118,12,2023,1
13,118,12,2023,1
13,118,12,2023,1
13,118,12,2023,1
13,118,12,2023,1
13,85,1,2023,2
13,59,2,2023,2
13,84,3,2023,2
13,79,4,2023,2
13,111,5,2023,2
13,75,6,2023,2
13,66,7,2023,2
13,73,8,2023,2
13,101,9,2023,2
13,101,10,2023,2
13,95,11,2023,2
13,69,12,2023,2
13,3,1,2023,3
13,1,2,2023,3
13,5,3,2023,3
13,7,4,2023,3
13,2,5,2023,3
13,7,6,2023,3
13,5,7,2023,3
13,4,8,2023,3
13,2,9,2023,3
13,10,10,2023,3
13,6,11,2023,3
13,5,12,2023,3
13,16,1,2023,4
13,9,2,2023,4
13,12,3,2023,4
13,4,4,2023,4
13,40,5,2023,4
13,14,6,2023,4
13,18,7,2023,4
13,11,8,2023,4
13,25,9,2023,4
13,12,10,2023,4
13,14,11,2023,4
13,14,12,2023,4
13,2,1,2023,5
13,0,2,2023,5
13,1,3,2023,5
13,1,4,2023,5
13,1,5,2023,5
13,3,6,2023,5
13,2,7,2023,5
13,1,8,2023,5
13,0,9,2023,5
13,2,10,2023,5
13,0,11,2023,5
13,0,12,2023,5
13,43,1,2023,6
13,35,2,2023,6
13,43,3,2023,6
13,45,4,2023,6
13,59,5,2023,6
13,47,6,2023,6
13,43,7,2023,6
13,37,8,2023,6
13,50,9,2023,6
13,36,10,2023,6
13,30,11,2023,6
13,28,12,2023,6
14,93,1,2023,0
14,93,1,2023,0
14,86,2,2023,0
14,86,2,2023,0
14,95,3,2023,0
14,95,3,2023,0
14,84,4,2023,0
14,84,4,2023,0
14,98,5,2023,0
14,98,5,2023,0
14,99,6,2023,0
14,99,6,2023,0
14,83,7,2023,0
14,83,7,2023,0
14,87,8,2023,0
14,87,8,2023,0
14,102,9,2023,0
14,102,9,2023,0
14,86,10,2023,0
14,86,10,2023,0
14,75,11,2023,0
14,75,11,2023,0
14,61,12,2023,0
14,61,12,2023,0
14,220,1,2023,1
14,220,1,2023,1
14,220,1,2023,1
14,220,1,2023,1
14,220,1,2023,1
14,220,1,2023,1
14,220,1,2023,1
14,179,2,2023,1
14,179,2,2023,1
14,179,2,2023,1
14,179,2,2023,1
14,179,2,2023,1
14,179,2,2023,1
14,179,2,2023,1
14,226,3,2023,1
14,226,3,2023,1
14,226,3,2023,1
14,226,3,2023,1
14,226,3,2023,1
14,226,3,2023,1
14,226,3,2023,1
14,231,4,2023,1
14,231,4,2023,1
14,231,4,2023,1
14,231,4,2023,1
14,231,4,2023,1
14,231,4,2023,1
14,231,4,2023,1
14,227,5,2023,1
14,227,5,2023,1
14,227,5,2023,1
14,227,5,2023,1
14,227,5,2023,1
14,227,5,2023,1
14,227,5,2023,1
14,247,6,2023,1
14,247,6,2023,1
14,247,6,2023,1
14,247,6,2023,1
14,247,6,2023,1
14,247,6,2023,1
14,247,6,2023,1
14,244,7,2023,1
14,244,7,2023,1
14,244,7,2023,1
14,244,7,2023,1
14,244,7,2023,1
14,244,7,2023,1
14,244,7,2023,1
14,236,8,2023,1
14,236,8,2023,1
14,236,8,2023,1
14,236,8,2023,1
14,236,8,2023,1
14,236,8,2023,1
14,236,8,2023,1
14,253,9,2023,1
14,253,9,2023,1
14,253,9,2023,1
14,253,9,2023,1
14,253,9,2023,1
14,253,9,2023,1
14,253,9,2023,1
14,305,10,2023,1
14,305,10,2023,1
14,305,10,2023,1
14,305,10,2023,1
14,305,10,2023,1
14,305,10,2023,1
14,305,10,2023,1
14,238,11,2023,1
14,238,11,2023,1
14,238,11,2023,1
14,238,11,2023,1
14,238,11,2023,1
14,238,11,2023,1
14,238,11,2023,1
14,197,12,2023,1
14,197,12,2023,1
14,197,12,2023,1
14,197,12,2023,1
14,197,12,2023,1
14,197,12,2023,1
14,197,12,2023,1
14,92,1,2023,2
14,74,2,2023,2
14,108,3,2023,2
14,122,4,2023,2
14,105,5,2023,2
14,127,6,2023,2
14,121,7,2023,2
14,131,8,2023,2
14,134,9,2023,2
14,188,10,2023,2
14,142,11,2023,2
14,112,12,2023,2
14,9,1,2023,3
14,4,2,2023,3
14,5,3,2023,3
14,11,4,2023,3
14,5,5,2023,3
14,6,6,2023,3
14,3,7,2023,3
14,1,8,2023,3
14,7,9,2023,3
14,6,10,2023,3
14,4,11,2023,3
14,6,12,2023,3
14,26,1,2023,4
14,15,2,2023,4
14,17,3,2023,4
14,14,4,2023,4
14,19,5,2023,4
14,13,6,2023,4
14,34,7,2023,4
14,16,8,2023,4
14,10,9,2023,4
14,25,10,2023,4
14,16,11,2023,4
14,18,12,2023,4
14,0,1,2023,5
14,0,2,2023,5
14,1,3,2023,5
14,0,4,2023,5
14,0,5,2023,5
14,2,6,2023,5
14,3,7,2023,5
14,1,8,2023,5
14,0,9,2023,5
14,0,10,2023,5
14,1,11,2023,5
14,0,12,2023,5
14,87,1,2023,6
14,81,2,2023,6
14,87,3,2023,6
14,79,4,2023,6
14,92,5,2023,6
14,94,6,2023,6
14,76,7,2023,6
14,81,8,2023,6
14,98,9,2023,6
14,78,10,2023,6
14,72,11,2023,6
14,60,12,2023,6
15,28,1,2023,0
15,28,1,2023,0
15,46,2,2023,0
15,46,2,2023,0
15,47,3,2023,0
15,47,3,2023,0
15,41,4,2023,0
15,41,4,2023,0
15,71,5,2023,0
15,71,5,2023,0
15,78,6,2023,0
15,78,6,2023,0
15,52,7,2023,0
15,52,7,2023,0
15,64,8,2023,0
15,64,8,2023,0
15,53,9,2023,0
15,53,9,2023,0
15,51,10,2023,0
15,51,10,2023,0
15,51,11,2023,0
15,51,11,2023,0
15,34,12,2023,0
15,34,12,2023,0
15,114,1,2023,1
15,114,1,2023,1
15,114,1,2023,1
15,114,1,2023,1
15,114,1,2023,1
15,114,1,2023,1
15,114,1,2023,1
15,130,2,2023,1
15,130,2,2023,1
15,130,2,2023,1
15,130,2,2023,1
15,130,2,2023,1
15,130,2,2023,1
15,130,2,2023,1
15,139,3,2023,1
15,139,3,2023,1
15,139,3,2023,1
15,139,3,2023,1
15,139,3,2023,1
15,139,3,2023,1
15,139,3,2023,1
15,121,4,2023,1
15,121,4,2023,1
15,121,4,2023,1
15,121,4,2023,1
15,121,4,2023,1
15,121,4,2023,1
15,121,4,2023,1
15,181,5,2023,1
15,181,5,2023,1
15,181,5,2023,1
15,181,5,2023,1
15,181,5,2023,1
15,181,5,2023,1
15,181,5,2023,1
15,168,6,2023,1
15,168,6,2023,1
15,168,6,2023,1
15,168,6,2023,1
15,168,6,2023,1
15,168,6,2023,1
15,168,6,2023,1
15,127,7,2023,1
15,127,7,2023,1
15,127,7,2023,1
15,127,7,2023,1
15,127,7,2023,1
15,127,7,2023,1
15,127,7,2023,1
15,154,8,2023,1
15,154,8,2023,1
15,154,8,2023,1
15,154,8,2023,1
15,154,8,2023,1
15,154,8,2023,1
15,154,8,2023,1
15,139,9,2023,1
15,139,9,2023,1
15,139,9,2023,1
15,139,9,2023,1
15,139,9,2023,1
15,139,9,2023,1
15,139,9,2023,1
15,157,10,2023,1
15,157,10,2023,1
15,157,10,2023,1
15,157,10,2023,1
15,157,10,2023,1
15,157,10,2023,1
15,157,10,2023,1
15,178,11,2023,1
15,178,11,2023,1
15,178,11,2023,1
15,178,11,2023,1
15,178,11,2023,1
15,178,11,2023,1
15,178,11,2023,1
15,158,12,2023,1
15,158,12,2023,1
15,158,12,2023,1
15,158,12,2023,1
15,158,12,2023,1
15,158,12,2023,1
15,158,12,2023,1
15,77,1,2023,2
15,71,2,2023,2
15,69,3,2023,2
15,68,4,2023,2
15,87,5,2023,2
15,74,6,2023,2
15,62,7,2023,2
15,77,8,2023,2
15,73,9,2023,2
15,91,10,2023,2
15,111,11,2023,2
15,106,12,2023,2
15,3,1,2023,3
15,4,2,2023,3
15,3,3,2023,3
15,5,4,2023,3
15,4,5,2023,3
15,1,6,2023,3
15,5,7,2023,3
15,4,8,2023,3
15,3,9,2023,3
15,2,10,2023,3
15,5,11,2023,3
15,5,12,2023,3
15,6,1,2023,4
15,9,2,2023,4
15,17,3,2023,4
15,7,4,2023,4
15,16,5,2023,4
15,13,6,2023,4
15,8,7,2023,4
15,9,8,2023,4
15,10,9,2023,4
15,13,10,2023,4
15,10,11,2023,4
15,12,12,2023,4
15,0,1,2023,5
15,0,2,2023,5
15,3,3,2023,5
15,0,4,2023,5
15,3,5,2023,5
15,2,6,2023,5
15,0,7,2023,5
15,0,8,2023,5
15,0,9,2023,5
15,0,10,2023,5
15,1,11,2023,5
15,1,12,2023,5
15,23,1,2023,6
15,42,2,2023,6
15,45,3,2023,6
15,39,4,2023,6
15,64,5,2023,6
15,53,6,2023,6
15,49,7,2023,6
15,61,8,2023,6
15,50,9,2023,6
15,49,10,2023,6
15,48,11,2023,6
15,33,12,2023,6
16,68,1,2023,0
16,68,1,2023,0
16,64,2,2023,0
16,64,2,2023,0
16,78,3,2023,0
16,78,3,2023,0
16,51,4,2023,0
16,51,4,2023,0
16,83,5,2023,0
16,83,5,2023,0
16,88,6,2023,0
16,88,6,2023,0
16,64,7,2023,0
16,64,7,2023,0
16,57,8,2023,0
16,57,8,2023,0
16,69,9,2023,0
16,69,9,2023,0
16,67,10,2023,0
16,67,10,2023,0
16,69,11,2023,0
16,69,11,2023,0
16,78,12,2023,0
16,78,12,2023,0
16,217,1,2023,1
16,217,1,2023,1
16,217,1,2023,1
16,217,1,2023,1
16,217,1,2023,1
16,217,1,2023,1
16,217,1,2023,1
16,197,2,2023,1
16,197,2,2023,1
16,197,2,2023,1
16,197,2,2023,1
16,197,2,2023,1
16,197,2,2023,1
16,197,2,2023,1
16,240,3,2023,1
16,240,3,2023,1
16,240,3,2023,1
16,240,3,2023,1
16,240,3,2023,1
16,240,3,2023,1
16,240,3,2023,1
16,213,4,2023,1
16,213,4,2023,1
16,213,4,2023,1
16,213,4,2023,1
16,213,4,2023,1
16,213,4,2023,1
16,213,4,2023,1
16,205,5,2023,1
16,205,5,2023,1
16,205,5,2023,1
16,205,5,2023,1
16,205,5,2023,1
16,205,5,2023,1
16,205,5,2023,1
16,239,6,2023,1
16,239,6,2023,1
16,239,6,2023,1
16,239,6,2023,1
16,239,6,2023,1
16,239,6,2023,1
16,239,6,2023,1
16,180,7,2023,1
16,180,7,2023,1
16,180,7,2023,1
16,180,7,2023,1
16,180,7,2023,1
16,180,7,2023,1
16,180,7,2023,1
16,202,8,2023,1
16,202,8,2023,1
16,202,8,2023,1
16,202,8,2023,1
16,202,8,2023,1
16,202,8,2023,1
16,202,8,2023,1
16,228,9,2023,1
16,228,9,2023,1
16,228,9,2023,1
16,228,9,2023,1
16,228,9,2023,1
16,228,9,2023,1
16,228,9,2023,1
16,252,10,2023,1
16,252,10,2023,1
16,252,10,2023,1
16,252,10,2023,1
16,252,10,2023,1
16,252,10,2023,1
16,252,10,2023,1
16,235,11,2023,1
16,235,11,2023,1
16,235,11,2023,1
16,235,11,2023,1
16,235,11,2023,1
16,235,11,2023,1
16,235,11,2023,1
16,231,12,2023,1
16,231,12,2023,1
16,231,12,2023,1
16,231,12,2023,1
16,231,12,2023,1
16,231,12,2023,1
16,231,12,2023,1
16,121,1,2023,2
16,101,2,2023,2
16,131,3,2023,2
16,90,4,2023,2
16,99,5,2023,2
16,119,6,2023,2
16,102,7,2023,2
16,101,8,2023,2
16,126,9,2023,2
16,166,10,2023,2
16,131,11,2023,2
16,134,12,2023,2
16,4,1,2023,3
16,4,2,2023,3
16,7,3,2023,3
16,4,4,2023,3
16,2,5,2023,3
16,4,6,2023,3
16,1,7,2023,3
16,3,8,2023,3
16,5,9,2023,3
16,1,10,2023,3
16,14,11,2023,3
16,7,12,2023,3
16,21,1,2023,4
16,26,2,2023,4
16,24,3,2023,4
16,67,4,2023,4
16,21,5,2023,4
16,28,6,2023,4
16,13,7,2023,4
16,41,8,2023,4
16,27,9,2023,4
16,14,10,2023,4
16,18,11,2023,4
16,12,12,2023,4
16,3,1,2023,5
16,2,2,2023,5
16,0,3,2023,5
16,1,4,2023,5
16,0,5,2023,5
16,0,6,2023,5
16,0,7,2023,5
16,0,8,2023,5
16,1,9,2023,5
16,4,10,2023,5
16,3,11,2023,5
16,0,12,2023,5
16,62,1,2023,6
16,60,2,2023,6
16,72,3,2023,6
16,50,4,2023,6
16,76,5,2023,6
16,85,6,2023,6
16,62,7,2023,6
16,54,8,2023,6
16,63,9,2023,6
16,60,10,2023,6
16,69,11,2023,6
16,74,12,2023,6
17,69,1,2023,0
17,69,1,2023,0
17,70,2,2023,0
17,70,2,2023,0
17,77,3,2023,0
17,77,3,2023,0
17,58,4,2023,0
17,58,4,2023,0
17,50,5,2023,0
17,50,5,2023,0
17,79,6,2023,0
17,79,6,2023,0
17,56,7,2023,0
17,56,7,2023,0
17,74,8,2023,0
17,74,8,2023,0
17,60,9,2023,0
17,60,9,2023,0
17,53,10,2023,0
17,53,10,2023,0
17,41,11,2023,0
17,41,11,2023,0
17,67,12,2023,0
17,67,12,2023,0
17,196,1,2023,1
17,196,1,2023,1
17,196,1,2023,1
17,196,1,2023,1
17,196,1,2023,1
17,196,1,2023,1
17,196,1,2023,1
17,192,2,2023,1
17,192,2,2023,1
17,192,2,2023,1
17,192,2,2023,1
17,192,2,2023,1
17,192,2,2023,1
17,192,2,2023,1
17,187,3,2023,1
17,187,3,2023,1
17,187,3,2023,1
17,187,3,2023,1
17,187,3,2023,1
17,187,3,2023,1
17,187,3,2023,1
17,217,4,2023,1
17,217,4,2023,1
17,217,4,2023,1
17,217,4,2023,1
17,217,4,2023,1
17,217,4,2023,1
17,217,4,2023,1
17,166,5,2023,1
17,166,5,2023,1
17,166,5,2023,1
17,166,5,2023,1
17,166,5,2023,1
17,166,5,2023,1
17,166,5,2023,1
17,208,6,2023,1
17,208,6,2023,1
17,208,6,2023,1
17,208,6,2023,1
17,208,6,2023,1
17,208,6,2023,1
17,208,6,2023,1
17,152,7,2023,1
17,152,7,2023,1
17,152,7,2023,1
17,152,7,2023,1
17,152,7,2023,1
17,152,7,2023,1
17,152,7,2023,1
17,214,8,2023,1
17,214,8,2023,1
17,214,8,2023,1
17,214,8,2023,1
17,214,8,2023,1
17,214,8,2023,1
17,214,8,2023,1
17,162,9,2023,1
17,162,9,2023,1
17,162,9,2023,1
17,162,9,2023,1
17,162,9,2023,1
17,162,9,2023,1
17,162,9,2023,1
17,174,10,2023,1
17,174,10,2023,1
17,174,10,2023,1
17,174,10,2023,1
17,174,10,2023,1
17,174,10,2023,1
17,174,10,2023,1
17,146,11,2023,1
17,146,11,2023,1
17,146,11,2023,1
17,146,11,2023,1
17,146,11,2023,1
17,146,11,2023,1
17,146,11,2023,1
17,226,12,2023,1
17,226,12,2023,1
17,226,12,2023,1
17,226,12,2023,1
17,226,12,2023,1
17,226,12,2023,1
17,226,12,2023,1
17,106,1,2023,2
17,101,2,2023,2
17,100,3,2023,2
17,136,4,2023,2
17,103,5,2023,2
17,112,6,2023,2
17,83,7,2023,2
17,122,8,2023,2
17,91,9,2023,2
17,107,10,2023,2
17,89,11,2023,2
17,132,12,2023,2
17,6,1,2023,3
17,0,2,2023,3
17,2,3,2023,3
17,11,4,2023,3
17,3,5,2023,3
17,7,6,2023,3
17,3,7,2023,3
17,4,8,2023,3
17,2,9,2023,3
17,3,10,2023,3
17,8,11,2023,3
17,6,12,2023,3
17,13,1,2023,4
17,19,2,2023,4
17,7,3,2023,4
17,9,4,2023,4
17,8,5,2023,4
17,10,6,2023,4
17,9,7,2023,4
17,13,8,2023,4
17,8,9,2023,4
17,10,10,2023,4
17,7,11,2023,4
17,21,12,2023,4
17,2,1,2023,5
17,2,2,2023,5
17,1,3,2023,5
17,3,4,2023,5
17,2,5,2023,5
17,0,6,2023,5
17,1,7,2023,5
17,1,8,2023,5
17,1,9,2023,5
17,1,10,2023,5
17,1,11,2023,5
17,0,12,2023,5
17,66,1,2023,6
17,67,2,2023,6
17,74,3,2023,6
17,57,4,2023,6
17,45,5,2023,6
17,78,6,2023,6
17,56,7,2023,6
17,73,8,2023,6
17,57,9,2023,6
17,53,10,2023,6
17,41,11,2023,6
17,66,12,2023,6
18,43,1,2023,0
18,43,1,2023,0
18,32,2,2023,0
18,32,2,2023,0
18,59,3,2023,0
18,59,3,2023,0
18,43,4,2023,0
18,43,4,2023,0
18,49,5,2023,0
18,49,5,2023,0
18,48,6,2023,0
18,48,6,2023,0
18,33,7,2023,0
18,33,7,2023,0
18,65,8,2023,0
18,65,8,2023,0
18,51,9,2023,0
18,51,9,2023,0
18,59,10,2023,0
18,59,10,2023,0
18,44,11,2023,0
18,44,11,2023,0
18,41,12,2023,0
18,41,12,2023,0
18,129,1,2023,1
18,129,1,2023,1
18,129,1,2023,1
18,129,1,2023,1
18,129,1,2023,1
18,129,1,2023,1
18,129,1,2023,1
18,129,2,2023,1
18,129,2,2023,1
18,129,2,2023,1
18,129,2,2023,1
18,129,2,2023,1
18,129,2,2023,1
18,129,2,2023,1
18,148,3,2023,1
18,148,3,2023,1
18,148,3,2023,1
18,148,3,2023,1
18,148,3,2023,1
18,148,3,2023,1
18,148,3,2023,1
18,129,4,2023,1
18,129,4,2023,1
18,129,4,2023,1
18,129,4,2023,1
18,129,4,2023,1
18,129,4,2023,1
18,129,4,2023,1
18,138,5,2023,1
18,138,5,2023,1
18,138,5,2023,1
18,138,5,2023,1
18,138,5,2023,1
18,138,5,2023,1
18,138,5,2023,1
18,144,6,2023,1
18,144,6,2023,1
18,144,6,2023,1
18,144,6,2023,1
18,144,6,2023,1
18,144,6,2023,1
18,144,6,2023,1
18,110,7,2023,1
18,110,7,2023,1
18,110,7,2023,1
18,110,7,2023,1
18,110,7,2023,1
18,110,7,2023,1
18,110,7,2023,1
18,157,8,2023,1
18,157,8,2023,1
18,157,8,2023,1
18,157,8,2023,1
18,157,8,2023,1
18,157,8,2023,1
18,157,8,2023,1
18,143,9,2023,1
18,143,9,2023,1
18,143,9,2023,1
18,143,9,2023,1
18,143,9,2023,1
18,143,9,2023,1
18,143,9,2023,1
18,165,10,2023,1
18,165,10,2023,1
18,165,10,2023,1
18,165,10,2023,1
18,165,10,2023,1
18,165,10,2023,1
18,165,10,2023,1
18,145,11,2023,1
18,145,11,2023,1
18,145,11,2023,1
18,145,11,2023,1
18,145,11,2023,1
18,145,11,2023,1
18,145,11,2023,1
18,140,12,2023,1
18,140,12,2023,1
18,140,12,2023,1
18,140,12,2023,1
18,140,12,2023,1
18,140,12,2023,1
18,140,12,2023,1
18,76,1,2023,2
18,77,2,2023,2
18,75,3,2023,2
18,76,4,2023,2
18,75,5,2023,2
18,77,6,2023,2
18,59,7,2023,2
18,73,8,2023,2
18,78,9,2023,2
18,79,10,2023,2
18,87,11,2023,2
18,61,12,2023,2
18,2,1,2023,3
18,2,2,2023,3
18,1,3,2023,3
18,1,4,2023,3
18,5,5,2023,3
18,4,6,2023,3
18,3,7,2023,3
18,4,8,2023,3
18,4,9,2023,3
18,6,10,2023,3
18,4,11,2023,3
18,7,12,2023,3
18,7,1,2023,4
18,18,2,2023,4
18,13,3,2023,4
18,9,4,2023,4
18,9,5,2023,4
18,15,6,2023,4
18,12,7,2023,4
18,15,8,2023,4
18,9,9,2023,4
18,21,10,2023,4
18,8,11,2023,4
18,29,12,2023,4
18,1,1,2023,5
18,0,2,2023,5
18,0,3,2023,5
18,0,4,2023,5
18,0,5,2023,5
18,0,6,2023,5
18,3,7,2023,5
18,0,8,2023,5
18,1,9,2023,5
18,0,10,2023,5
18,2,11,2023,5
18,2,12,2023,5
18,39,1,2023,6
18,30,2,2023,6
18,56,3,2023,6
18,41,4,2023,6
18,44,5,2023,6
18,47,6,2023,6
18,32,7,2023,6
18,63,8,2023,6
18,49,9,2023,6
18,53,10,2023,6
18,44,11,2023,6
18,37,12,2023,6
19,107,1,2023,0
19,107,1,2023,0
19,101,2,2023,0
19,101,2,2023,0
19,110,3,2023,0
19,110,3,2023,0
19,112,4,2023,0
19,112,4,2023,0
19,139,5,2023,0
19,139,5,2023,0
19,101,6,2023,0
19,101,6,2023,0
19,153,7,2023,0
19,153,7,2023,0
19,146,8,2023,0
19,146,8,2023,0
19,120,9,2023,0
19,120,9,2023,0
19,137,10,2023,0
19,137,10,2023,0
19,105,11,2023,0
19,105,11,2023,0
19,139,12,2023,0
19,139,12,2023,0
19,266,1,2023,1
19,266,1,2023,1
19,266,1,2023,1
19,266,1,2023,1
19,266,1,2023,1
19,266,1,2023,1
19,266,1,2023,1
19,293,2,2023,1
19,293,2,2023,1
19,293,2,2023,1
19,293,2,2023,1
19,293,2,2023,1
19,293,2,2023,1
19,293,2,2023,1
19,277,3,2023,1
19,277,3,2023,1
19,277,3,2023,1
19,277,3,2023,1
19,277,3,2023,1
19,277,3,2023,1
19,277,3,2023,1
19,239,4,2023,1
19,239,4,2023,1
19,239,4,2023,1
19,239,4,2023,1
19,239,4,2023,1
19,239,4,2023,1
19,239,4,2023,1
19,323,5,2023,1
19,323,5,2023,1
19,323,5,2023,1
19,323,5,2023,1
19,323,5,2023,1
19,323,5,2023,1
19,323,5,2023,1
19,265,6,2023,1
19,265,6,2023,1
19,265,6,2023,1
19,265,6,2023,1
19,265,6,2023,1
19,265,6,2023,1
19,265,6,2023,1
19,286,7,2023,1
19,286,7,2023,1
19,286,7,2023,1
19,286,7,2023,1
19,286,7,2023,1
19,286,7,2023,1
19,286,7,2023,1
19,307,8,2023,1
19,307,8,2023,1
19,307,8,2023,1
19,307,8,2023,1
19,307,8,2023,1
19,307,8,2023,1
19,307,8,2023,1
19,255,9,2023,1
19,255,9,2023,1
19,255,9,2023,1
19,255,9,2023,1
19,255,9,2023,1
19,255,9,2023,1
19,255,9,2023,1
19,265,10,2023,1
19,265,10,2023,1
19,265,10,2023,1
19,265,10,2023,1
19,265,10,2023,1
19,265,10,2023,1
19,265,10,2023,1
19,252,11,2023,1
19,252,11,2023,1
19,252,11,2023,1
19,252,11,2023,1
19,252,11,2023,1
19,252,11,2023,1
19,252,11,2023,1
19,281,12,2023,1
19,281,12,2023,1
19,281,12,2023,1
19,281,12,2023,1
19,281,12,2023,1
19,281,12,2023,1
19,281,12,2023,1
19,109,1,2023,2
19,157,2,2023,2
19,132,3,2023,2
19,100,4,2023,2
19,149,5,2023,2
19,135,6,2023,2
19,118,7,2023,2
19,136,8,2023,2
19,112,9,2023,2
19,110,10,2023,2
19,119,11,2023,2
19,104,12,2023,2
19,10,1,2023,3
19,8,2,2023,3
19,12,3,2023,3
19,6,4,2023,3
19,10,5,2023,3
19,10,6,2023,3
19,2,7,2023,3
19,3,8,2023,3
19,7,9,2023,3
19,4,10,2023,3
19,11,11,2023,3
19,5,12,2023,3
19,40,1,2023,4
19,27,2,2023,4
19,23,3,2023,4
19,20,4,2023,4
19,25,5,2023,4
19,19,6,2023,4
19,13,7,2023,4
19,22,8,2023,4
19,16,9,2023,4
19,13,10,2023,4
19,16,11,2023,4
19,33,12,2023,4
19,0,1,2023,5
19,0,2,2023,5
19,0,3,2023,5
19,1,4,2023,5
19,0,5,2023,5
19,0,6,2023,5
19,0,7,2023,5
19,0,8,2023,5
19,0,9,2023,5
19,1,10,2023,5
19,1,11,2023,5
19,0,12,2023,5
19,100,1,2023,6
19,97,2,2023,6
19,106,3,2023,6
19,108,4,2023,6
19,130,5,2023,6
19,97,6,2023,6
19,148,7,2023,6
19,137,8,2023,6
19,117,9,2023,6
19,133,10,2023,6
19,101,11,2023,6
19,134,12,2023,6
20,52,1,2023,0
20,52,1,2023,0
20,65,2,2023,0
20,65,2,2023,0
20,57,3,2023,0
20,57,3,2023,0
20,62,4,2023,0
20,62,4,2023,0
20,86,5,2023,0
20,86,5,2023,0
20,49,6,2023,0
20,49,6,2023,0
20,58,7,2023,0
20,58,7,2023,0
20,108,8,2023,0
20,108,8,2023,0
20,65,9,2023,0
20,65,9,2023,0
20,72,10,2023,0
20,72,10,2023,0
20,56,11,2023,0
20,56,11,2023,0
20,59,12,2023,0
20,59,12,2023,0
20,148,1,2023,1
20,148,1,2023,1
20,148,1,2023,1
20,148,1,2023,1
20,148,1,2023,1
20,148,1,2023,1
20,148,1,2023,1
20,172,2,2023,1
20,172,2,2023,1
20,172,2,2023,1
20,172,2,2023,1
20,172,2,2023,1
20,172,2,2023,1
20,172,2,2023,1
20,148,3,2023,1
20,148,3,2023,1
20,148,3,2023,1
20,148,3,2023,1
20,148,3,2023,1
20,148,3,2023,1
20,148,3,2023,1
20,154,4,2023,1
20,154,4,2023,1
20,154,4,2023,1
20,154,4,2023,1
20,154,4,2023,1
20,154,4,2023,1
20,154,4,2023,1
20,548,5,2023,1
20,548,5,2023,1
20,548,5,2023,1
20,548,5,2023,1
20,548,5,2023,1
20,548,5,2023,1
20,548,5,2023,1
20,141,6,2023,1
20,141,6,2023,1
20,141,6,2023,1
20,141,6,2023,1
20,141,6,2023,1
20,141,6,2023,1
20,141,6,2023,1
20,162,7,2023,1
20,162,7,2023,1
20,162,7,2023,1
20,162,7,2023,1
20,162,7,2023,1
20,162,7,2023,1
20,162,7,2023,1
20,197,8,2023,1
20,197,8,2023,1
20,197,8,2023,1
20,197,8,2023,1
20,197,8,2023,1
20,197,8,2023,1
20,197,8,2023,1
20,142,9,2023,1
20,142,9,2023,1
20,142,9,2023,1
20,142,9,2023,1
20,142,9,2023,1
20,142,9,2023,1
20,142,9,2023,1
20,196,10,2023,1
20,196,10,2023,1
20,196,10,2023,1
20,196,10,2023,1
20,196,10,2023,1
20,196,10,2023,1
20,196,10,2023,1
20,133,11,2023,1
20,133,11,2023,1
20,133,11,2023,1
20,133,11,2023,1
20,133,11,2023,1
20,133,11,2023,1
20,133,11,2023,1
20,159,12,2023,1
20,159,12,2023,1
20,159,12,2023,1
20,159,12,2023,1
20,159,12,2023,1
20,159,12,2023,1
20,159,12,2023,1
20,84,1,2023,2
20,89,2,2023,2
20,76,3,2023,2
20,84,4,2023,2
20,452,5,2023,2
20,70,6,2023,2
20,80,7,2023,2
20,75,8,2023,2
20,70,9,2023,2
20,110,10,2023,2
20,69,11,2023,2
20,85,12,2023,2
20,2,1,2023,3
20,4,2,2023,3
20,4,3,2023,3
20,3,4,2023,3
20,2,5,2023,3
20,7,6,2023,3
20,4,7,2023,3
20,3,8,2023,3
20,2,9,2023,3
20,4,10,2023,3
20,3,11,2023,3
20,4,12,2023,3
20,8,1,2023,4
20,13,2,2023,4
20,11,3,2023,4
20,5,4,2023,4
20,8,5,2023,4
20,14,6,2023,4
20,20,7,2023,4
20,9,8,2023,4
20,5,9,2023,4
20,10,10,2023,4
20,4,11,2023,4
20,11,12,2023,4
20,2,1,2023,5
20,1,2,2023,5
20,0,3,2023,5
20,0,4,2023,5
20,0,5,2023,5
20,1,6,2023,5
20,0,7,2023,5
20,2,8,2023,5
20,0,9,2023,5
20,0,10,2023,5
20,1,11,2023,5
20,0,12,2023,5
20,51,1,2023,6
20,64,2,2023,6
20,55,3,2023,6
20,56,4,2023,6
20,84,5,2023,6
20,47,6,2023,6
20,52,7,2023,6
20,102,8,2023,6
20,63,9,2023,6
20,71,10,2023,6
20,55,11,2023,6
20,55,12,2023,6
21,32,1,2023,0
21,32,1,2023,0
21,22,2,2023,0
21,22,2,2023,0
21,18,3,2023,0
21,18,3,2023,0
21,36,4,2023,0
21,36,4,2023,0
21,30,5,2023,0
21,30,5,2023,0
21,24,6,2023,0
21,24,6,2023,0
21,43,7,2023,0
21,43,7,2023,0
21,42,8,2023,0
21,42,8,2023,0
21,43,9,2023,0
21,43,9,2023,0
21,49,10,2023,0
21,49,10,2023,0
21,29,11,2023,0
21,29,11,2023,0
21,31,12,2023,0
21,31,12,2023,0
21,86,1,2023,1
21,86,1,2023,1
21,86,1,2023,1
21,86,1,2023,1
21,86,1,2023,1
21,86,1,2023,1
21,86,1,2023,1
21,72,2,2023,1
21,72,2,2023,1
21,72,2,2023,1
21,72,2,2023,1
21,72,2,2023,1
21,72,2,2023,1
21,72,2,2023,1
21,73,3,2023,1
21,73,3,2023,1
21,73,3,2023,1
21,73,3,2023,1
21,73,3,2023,1
21,73,3,2023,1
21,73,3,2023,1
21,123,4,2023,1
21,123,4,2023,1
21,123,4,2023,1
21,123,4,2023,1
21,123,4,2023,1
21,123,4,2023,1
21,123,4,2023,1
21,93,5,2023,1
21,93,5,2023,1
21,93,5,2023,1
21,93,5,2023,1
21,93,5,2023,1
21,93,5,2023,1
21,93,5,2023,1
21,83,6,2023,1
21,83,6,2023,1
21,83,6,2023,1
21,83,6,2023,1
21,83,6,2023,1
21,83,6,2023,1
21,83,6,2023,1
21,111,7,2023,1
21,111,7,2023,1
21,111,7,2023,1
21,111,7,2023,1
21,111,7,2023,1
21,111,7,2023,1
21,111,7,2023,1
21,101,8,2023,1
21,101,8,2023,1
21,101,8,2023,1
21,101,8,2023,1
21,101,8,2023,1
21,101,8,2023,1
21,101,8,2023,1
21,105,9,2023,1
21,105,9,2023,1
21,105,9,2023,1
21,105,9,2023,1
21,105,9,2023,1
21,105,9,2023,1
21,105,9,2023,1
21,122,10,2023,1
21,122,10,2023,1
21,122,10,2023,1
21,122,10,2023,1
21,122,10,2023,1
21,122,10,2023,1
21,122,10,2023,1
21,93,11,2023,1
21,93,11,2023,1
21,93,11,2023,1
21,93,11,2023,1
21,93,11,2023,1
21,93,11,2023,1
21,93,11,2023,1
21,109,12,2023,1
21,109,12,2023,1
21,109,12,2023,1
21,109,12,2023,1
21,109,12,2023,1
21,109,12,2023,1
21,109,12,2023,1
21,52,1,2023,2
21,39,2,2023,2
21,50,3,2023,2
21,76,4,2023,2
21,45,5,2023,2
21,45,6,2023,2
21,57,7,2023,2
21,48,8,2023,2
21,54,9,2023,2
21,63,10,2023,2
21,53,11,2023,2
21,65,12,2023,2
21,0,1,2023,3
21,1,2,2023,3
21,3,3,2023,3
21,3,4,2023,3
21,2,5,2023,3
21,4,6,2023,3
21,1,7,2023,3
21,3,8,2023,3
21,1,9,2023,3
21,2,10,2023,3
21,2,11,2023,3
21,3,12,2023,3
21,2,1,2023,4
21,10,2,2023,4
21,2,3,2023,4
21,7,4,2023,4
21,15,5,2023,4
21,10,6,2023,4
21,10,7,2023,4
21,7,8,2023,4
21,7,9,2023,4
21,7,10,2023,4
21,9,11,2023,4
21,9,12,2023,4
21,0,1,2023,5
21,0,2,2023,5
21,0,3,2023,5
21,1,4,2023,5
21,1,5,2023,5
21,0,6,2023,5
21,0,7,2023,5
21,1,8,2023,5
21,0,9,2023,5
21,1,10,2023,5
21,0,11,2023,5
21,1,12,2023,5
21,31,1,2023,6
21,22,2,2023,6
21,18,3,2023,6
21,36,4,2023,6
21,26,5,2023,6
21,20,6,2023,6
21,40,7,2023,6
21,42,8,2023,6
21,40,9,2023,6
21,47,10,2023,6
21,27,11,2023,6
21,30,12,2023,6
22,56,1,2023,0
22,56,1,2023,0
22,57,2,2023,0
22,57,2,2023,0
22,34,3,2023,0
22,34,3,2023,0
22,58,4,2023,0
22,58,4,2023,0
22,54,5,2023,0
22,54,5,2023,0
22,60,6,2023,0
22,60,6,2023,0
22,41,7,2023,0
22,41,7,2023,0
22,65,8,2023,0
22,65,8,2023,0
22,35,9,2023,0
22,35,9,2023,0
22,57,10,2023,0
22,57,10,2023,0
22,31,11,2023,0
22,31,11,2023,0
22,33,12,2023,0
22,33,12,2023,0
22,151,1,2023,1
22,151,1,2023,1
22,151,1,2023,1
22,151,1,2023,1
22,151,1,2023,1
22,151,1,2023,1
22,151,1,2023,1
22,132,2,2023,1
22,132,2,2023,1
22,132,2,2023,1
22,132,2,2023,1
22,132,2,2023,1
22,132,2,2023,1
22,132,2,2023,1
22,88,3,2023,1
22,88,3,2023,1
22,88,3,2023,1
22,88,3,2023,1
22,88,3,2023,1
22,88,3,2023,1
22,88,3,2023,1
22,126,4,2023,1
22,126,4,2023,1
22,126,4,2023,1
22,126,4,2023,1
22,126,4,2023,1
22,126,4,2023,1
22,126,4,2023,1
22,129,5,2023,1
22,129,5,2023,1
22,129,5,2023,1
22,129,5,2023,1
22,129,5,2023,1
22,129,5,2023,1
22,129,5,2023,1
22,132,6,2023,1
22,132,6,2023,1
22,132,6,2023,1
22,132,6,2023,1
22,132,6,2023,1
22,132,6,2023,1
22,132,6,2023,1
22,102,7,2023,1
22,102,7,2023,1
22,102,7,2023,1
22,102,7,2023,1
22,102,7,2023,1
22,102,7,2023,1
22,102,7,2023,1
22,144,8,2023,1
22,144,8,2023,1
22,144,8,2023,1
22,144,8,2023,1
22,144,8,2023,1
22,144,8,2023,1
22,144,8,2023,1
22,105,9,2023,1
22,105,9,2023,1
22,105,9,2023,1
22,105,9,2023,1
22,105,9,2023,1
22,105,9,2023,1
22,105,9,2023,1
22,133,10,2023,1
22,133,10,2023,1
22,133,10,2023,1
22,133,10,2023,1
22,133,10,2023,1
22,133,10,2023,1
22,133,10,2023,1
22,102,11,2023,1
22,102,11,2023,1
22,102,11,2023,1
22,102,11,2023,1
22,102,11,2023,1
22,102,11,2023,1
22,102,11,2023,1
22,119,12,2023,1
22,119,12,2023,1
22,119,12,2023,1
22,119,12,2023,1
22,119,12,2023,1
22,119,12,2023,1
22,119,12,2023,1
22,83,1,2023,2
22,70,2,2023,2
22,46,3,2023,2
22,61,4,2023,2
22,67,5,2023,2
22,69,6,2023,2
22,55,7,2023,2
22,65,8,2023,2
22,62,9,2023,2
22,73,10,2023,2
22,54,11,2023,2
22,70,12,2023,2
22,5,1,2023,3
22,0,2,2023,3
22,0,3,2023,3
22,3,4,2023,3
22,3,5,2023,3
22,1,6,2023,3
22,3,7,2023,3
22,5,8,2023,3
22,2,9,2023,3
22,1,10,2023,3
22,2,11,2023,3
22,1,12,2023,3
22,6,1,2023,4
22,5,2,2023,4
22,7,3,2023,4
22,4,4,2023,4
22,5,5,2023,4
22,2,6,2023,4
22,3,7,2023,4
22,9,8,2023,4
22,6,9,2023,4
22,2,10,2023,4
22,14,11,2023,4
22,14,12,2023,4
22,1,1,2023,5
22,0,2,2023,5
22,1,3,2023,5
22,0,4,2023,5
22,0,5,2023,5
22,0,6,2023,5
22,0,7,2023,5
22,0,8,2023,5
22,0,9,2023,5
22,0,10,2023,5
22,1,11,2023,5
22,1,12,2023,5
22,56,1,2023,6
22,52,2,2023,6
22,31,3,2023,6
22,52,4,2023,6
22,50,5,2023,6
22,57,6,2023,6
22,39,7,2023,6
22,64,8,2023,6
22,33,9,2023,6
22,56,10,2023,6
22,31,11,2023,6
22,27,12,2023,6
23,31,1,2023,0
23,31,1,2023,0
23,62,2,2023,0
23,62,2,2023,0
23,29,3,2023,0
23,29,3,2023,0
23,38,4,2023,0
23,38,4,2023,0
23,30,5,2023,0
23,30,5,2023,0
23,29,6,2023,0
23,29,6,2023,0
23,32,7,2023,0
23,32,7,2023,0
23,41,8,2023,0
23,41,8,2023,0
23,60,9,2023,0
23,60,9,2023,0
23,31,10,2023,0
23,31,10,2023,0
23,26,11,2023,0
23,26,11,2023,0
23,44,12,2023,0
23,44,12,2023,0
23,87,1,2023,1
23,87,1,2023,1
23,87,1,2023,1
23,87,1,2023,1
23,87,1,2023,1
23,87,1,2023,1
23,87,1,2023,1
23,139,2,2023,1
23,139,2,2023,1
23,139,2,2023,1
23,139,2,2023,1
23,139,2,2023,1
23,139,2,2023,1
23,139,2,2023,1
23,75,3,2023,1
23,75,3,2023,1
23,75,3,2023,1
23,75,3,2023,1
23,75,3,2023,1
23,75,3,2023,1
23,75,3,2023,1
23,86,4,2023,1
23,86,4,2023,1
23,86,4,2023,1
23,86,4,2023,1
23,86,4,2023,1
23,86,4,2023,1
23,86,4,2023,1
23,83,5,2023,1
23,83,5,2023,1
23,83,5,2023,1
23,83,5,2023,1
23,83,5,2023,1
23,83,5,2023,1
23,83,5,2023,1
23,83,6,2023,1
23,83,6,2023,1
23,83,6,2023,1
23,83,6,2023,1
23,83,6,2023,1
23,83,6,2023,1
23,83,6,2023,1
23,80,7,2023,1
23,80,7,2023,1
23,80,7,2023,1
23,80,7,2023,1
23,80,7,2023,1
23,80,7,2023,1
23,80,7,2023,1
23,104,8,2023,1
23,104,8,2023,1
23,104,8,2023,1
23,104,8,2023,1
23,104,8,2023,1
23,104,8,2023,1
23,104,8,2023,1
23,122,9,2023,1
23,122,9,2023,1
23,122,9,2023,1
23,122,9,2023,1
23,122,9,2023,1
23,122,9,2023,1
23,122,9,2023,1
23,84,10,2023,1
23,84,10,2023,1
23,84,10,2023,1
23,84,10,2023,1
23,84,10,2023,1
23,84,10,2023,1
23,84,10,2023,1
23,87,11,2023,1
23,87,11,2023,1
23,87,11,2023,1
23,87,11,2023,1
23,87,11,2023,1
23,87,11,2023,1
23,87,11,2023,1
23,108,12,2023,1
23,108,12,2023,1
23,108,12,2023,1
23,108,12,2023,1
23,108,12,2023,1
23,108,12,2023,1
23,108,12,2023,1
23,53,1,2023,2
23,56,2,2023,2
23,40,3,2023,2
23,44,4,2023,2
23,48,5,2023,2
23,45,6,2023,2
23,34,7,2023,2
23,52,8,2023,2
23,59,9,2023,2
23,52,10,2023,2
23,49,11,2023,2
23,54,12,2023,2
23,0,1,2023,3
23,4,2,2023,3
23,2,3,2023,3
23,1,4,2023,3
23,2,5,2023,3
23,4,6,2023,3
23,2,7,2023,3
23,0,8,2023,3
23,0,9,2023,3
23,1,10,2023,3
23,6,11,2023,3
23,4,12,2023,3
23,2,1,2023,4
23,17,2,2023,4
23,4,3,2023,4
23,3,4,2023,4
23,2,5,2023,4
23,5,6,2023,4
23,12,7,2023,4
23,11,8,2023,4
23,3,9,2023,4
23,0,10,2023,4
23,6,11,2023,4
23,6,12,2023,4
23,1,1,2023,5
23,0,2,2023,5
23,0,3,2023,5
23,0,4,2023,5
23,1,5,2023,5
23,0,6,2023,5
23,0,7,2023,5
23,0,8,2023,5
23,0,9,2023,5
23,0,10,2023,5
23,0,11,2023,5
23,0,12,2023,5
23,27,1,2023,6
23,62,2,2023,6
23,28,3,2023,6
23,37,4,2023,6
23,26,5,2023,6
23,25,6,2023,6
23,29,7,2023,6
23,38,8,2023,6
23,58,9,2023,6
23,29,10,2023,6
23,25,11,2023,6
23,42,12,2023,6
24,36,1,2023,0
24,36,1,2023,0
24,41,2,2023,0
24,41,2,2023,0
24,31,3,2023,0
24,31,3,2023,0
24,29,4,2023,0
24,29,4,2023,0
24,41,5,2023,0
24,41,5,2023,0
24,57,6,2023,0
24,57,6,2023,0
24,35,7,2023,0
24,35,7,2023,0
24,45,8,2023,0
24,45,8,2023,0
24,28,9,2023,0
24,28,9,2023,0
24,29,10,2023,0
24,29,10,2023,0
24,40,11,2023,0
24,40,11,2023,0
24,42,12,2023,0
24,42,12,2023,0
24,102,1,2023,1
24,102,1,2023,1
24,102,1,2023,1
24,102,1,2023,1
24,102,1,2023,1
24,102,1,2023,1
24,102,1,2023,1
24,104,2,2023,1
24,104,2,2023,1
24,104,2,2023,1
24,104,2,2023,1
24,104,2,2023,1
24,104,2,2023,1
24,104,2,2023,1
24,102,3,2023,1
24,102,3,2023,1
24,102,3,2023,1
24,102,3,2023,1
24,102,3,2023,1
24,102,3,2023,1
24,102,3,2023,1
24,76,4,2023,1
24,76,4,2023,1
24,76,4,2023,1
24,76,4,2023,1
24,76,4,2023,1
24,76,4,2023,1
24,76,4,2023,1
24,99,5,2023,1
24,99,5,2023,1
24,99,5,2023,1
24,99,5,2023,1
24,99,5,2023,1
24,99,5,2023,1
24,99,5,2023,1
24,147,6,2023,1
24,147,6,2023,1
24,147,6,2023,1
24,147,6,2023,1
24,147,6,2023,1
24,147,6,2023,1
24,147,6,2023,1
24,118,7,2023,1
24,118,7,2023,1
24,118,7,2023,1
24,118,7,2023,1
24,118,7,2023,1
24,118,7,2023,1
24,118,7,2023,1
24,108,8,2023,1
24,108,8,2023,1
24,108,8,2023,1
24,108,8,2023,1
24,108,8,2023,1
24,108,8,2023,1
24,108,8,2023,1
24,104,9,2023,1
24,104,9,2023,1
24,104,9,2023,1
24,104,9,2023,1
24,104,9,2023,1
24,104,9,2023,1
24,104,9,2023,1
24,106,10,2023,1
24,106,10,2023,1
24,106,10,2023,1
24,106,10,2023,1
24,106,10,2023,1
24,106,10,2023,1
24,106,10,2023,1
24,131,11,2023,1
24,131,11,2023,1
24,131,11,2023,1
24,131,11,2023,1
24,131,11,2023,1
24,131,11,2023,1
24,131,11,2023,1
24,109,12,2023,1
24,109,12,2023,1
24,109,12,2023,1
24,109,12,2023,1
24,109,12,2023,1
24,109,12,2023,1
24,109,12,2023,1
24,55,1,2023,2
24,58,2,2023,2
24,65,3,2023,2
24,36,4,2023,2
24,45,5,2023,2
24,84,6,2023,2
24,71,7,2023,2
24,56,8,2023,2
24,66,9,2023,2
24,59,10,2023,2
24,67,11,2023,2
24,62,12,2023,2
24,1,1,2023,3
24,1,2,2023,3
24,3,3,2023,3
24,3,4,2023,3
24,1,5,2023,3
24,1,6,2023,3
24,4,7,2023,3
24,2,8,2023,3
24,5,9,2023,3
24,13,10,2023,3
24,4,11,2023,3
24,1,12,2023,3
24,10,1,2023,4
24,2,2,2023,4
24,3,3,2023,4
24,8,4,2023,4
24,12,5,2023,4
24,5,6,2023,4
24,8,7,2023,4
24,5,8,2023,4
24,5,9,2023,4
24,5,10,2023,4
24,20,11,2023,4
24,4,12,2023,4
24,0,1,2023,5
24,2,2,2023,5
24,0,3,2023,5
24,0,4,2023,5
24,0,5,2023,5
24,0,6,2023,5
24,0,7,2023,5
24,0,8,2023,5
24,0,9,2023,5
24,0,10,2023,5
24,0,11,2023,5
24,0,12,2023,5
24,34,1,2023,6
24,38,2,2023,6
24,27,3,2023,6
24,27,4,2023,6
24,41,5,2023,6
24,54,6,2023,6
24,31,7,2023,6
24,44,8,2023,6
24,26,9,2023,6
24,29,10,2023,6
24,38,11,2023,6
24,31,12,2023,6
25,83,1,2023,0
25,83,1,2023,0
25,73,2,2023,0
25,73,2,2023,0
25,97,3,2023,0
25,97,3,2023,0
25,112,4,2023,0
25,112,4,2023,0
25,106,5,2023,0
25,106,5,2023,0
25,86,6,2023,0
25,86,6,2023,0
25,63,7,2023,0
25,63,7,2023,0
25,92,8,2023,0
25,92,8,2023,0
25,125,9,2023,0
25,125,9,2023,0
25,110,10,2023,0
25,110,10,2023,0
25,95,11,2023,0
25,95,11,2023,0
25,91,12,2023,0
25,91,12,2023,0
25,209,1,2023,1
25,209,1,2023,1
25,209,1,2023,1
25,209,1,2023,1
25,209,1,2023,1
25,209,1,2023,1
25,209,1,2023,1
25,217,2,2023,1
25,217,2,2023,1
25,217,2,2023,1
25,217,2,2023,1
25,217,2,2023,1
25,217,2,2023,1
25,217,2,2023,1
25,247,3,2023,1
25,247,3,2023,1
25,247,3,2023,1
25,247,3,2023,1
25,247,3,2023,1
25,247,3,2023,1
25,247,3,2023,1
25,286,4,2023,1
25,286,4,2023,1
25,286,4,2023,1
25,286,4,2023,1
25,286,4,2023,1
25,286,4,2023,1
25,286,4,2023,1
25,269,5,2023,1
25,269,5,2023,1
25,269,5,2023,1
25,269,5,2023,1
25,269,5,2023,1
25,269,5,2023,1
25,269,5,2023,1
25,202,6,2023,1
25,202,6,2023,1
25,202,6,2023,1
25,202,6,2023,1
25,202,6,2023,1
25,202,6,2023,1
25,202,6,2023,1
25,195,7,2023,1
25,195,7,2023,1
25,195,7,2023,1
25,195,7,2023,1
25,195,7,2023,1
25,195,7,2023,1
25,195,7,2023,1
25,253,8,2023,1
25,253,8,2023,1
25,253,8,2023,1
25,253,8,2023,1
25,253,8,2023,1
25,253,8,2023,1
25,253,8,2023,1
25,291,9,2023,1
25,291,9,2023,1
25,291,9,2023,1
25,291,9,2023,1
25,291,9,2023,1
25,291,9,2023,1
25,291,9,2023,1
25,281,10,2023,1
25,281,10,2023,1
25,281,10,2023,1
25,281,10,2023,1
25,281,10,2023,1
25,281,10,2023,1
25,281,10,2023,1
25,234,11,2023,1
25,234,11,2023,1
25,234,11,2023,1
25,234,11,2023,1
25,234,11,2023,1
25,234,11,2023,1
25,234,11,2023,1
25,256,12,2023,1
25,256,12,2023,1
25,256,12,2023,1
25,256,12,2023,1
25,256,12,2023,1
25,256,12,2023,1
25,256,12,2023,1
25,105,1,2023,2
25,119,2,2023,2
25,119,3,2023,2
25,136,4,2023,2
25,138,5,2023,2
25,90,6,2023,2
25,120,7,2023,2
25,137,8,2023,2
25,147,9,2023,2
25,147,10,2023,2
25,119,11,2023,2
25,148,12,2023,2
25,10,1,2023,3
25,11,2,2023,3
25,7,3,2023,3
25,0,4,2023,3
25,9,5,2023,3
25,4,6,2023,3
25,5,7,2023,3
25,7,8,2023,3
25,6,9,2023,3
25,6,10,2023,3
25,10,11,2023,3
25,4,12,2023,3
25,9,1,2023,4
25,13,2,2023,4
25,23,3,2023,4
25,36,4,2023,4
25,15,5,2023,4
25,20,6,2023,4
25,6,7,2023,4
25,16,8,2023,4
25,13,9,2023,4
25,17,10,2023,4
25,9,11,2023,4
25,13,12,2023,4
25,2,1,2023,5
25,1,2,2023,5
25,1,3,2023,5
25,2,4,2023,5
25,1,5,2023,5
25,2,6,2023,5
25,1,7,2023,5
25,1,8,2023,5
25,0,9,2023,5
25,1,10,2023,5
25,1,11,2023,5
25,0,12,2023,5
25,78,1,2023,6
25,68,2,2023,6
25,91,3,2023,6
25,108,4,2023,6
25,101,5,2023,6
25,81,6,2023,6
25,59,7,2023,6
25,89,8,2023,6
25,120,9,2023,6
25,101,10,2023,6
25,87,11,2023,6
25,86,12,2023,6
26,11,1,2023,0
26,11,1,2023,0
26,28,2,2023,0
26,28,2,2023,0
26,19,3,2023,0
26,19,3,2023,0
26,39,4,2023,0
26,39,4,2023,0
26,28,5,2023,0
26,28,5,2023,0
26,43,6,2023,0
26,43,6,2023,0
26,37,7,2023,0
26,37,7,2023,0
26,13,8,2023,0
26,13,8,2023,0
26,23,9,2023,0
26,23,9,2023,0
26,15,10,2023,0
26,15,10,2023,0
26,41,11,2023,0
26,41,11,2023,0
26,22,12,2023,0
26,22,12,2023,0
26,59,1,2023,1
26,59,1,2023,1
26,59,1,2023,1
26,59,1,2023,1
26,59,1,2023,1
26,59,1,2023,1
26,59,1,2023,1
26,86,2,2023,1
26,86,2,2023,1
26,86,2,2023,1
26,86,2,2023,1
26,86,2,2023,1
26,86,2,2023,1
26,86,2,2023,1
26,68,3,2023,1
26,68,3,2023,1
26,68,3,2023,1
26,68,3,2023,1
26,68,3,2023,1
26,68,3,2023,1
26,68,3,2023,1
26,97,4,2023,1
26,97,4,2023,1
26,97,4,2023,1
26,97,4,2023,1
26,97,4,2023,1
26,97,4,2023,1
26,97,4,2023,1
26,77,5,2023,1
26,77,5,2023,1
26,77,5,2023,1
26,77,5,2023,1
26,77,5,2023,1
26,77,5,2023,1
26,77,5,2023,1
26,90,6,2023,1
26,90,6,2023,1
26,90,6,2023,1
26,90,6,2023,1
26,90,6,2023,1
26,90,6,2023,1
26,90,6,2023,1
26,76,7,2023,1
26,76,7,2023,1
26,76,7,2023,1
26,76,7,2023,1
26,76,7,2023,1
26,76,7,2023,1
26,76,7,2023,1
26,61,8,2023,1
26,61,8,2023,1
26,61,8,2023,1
26,61,8,2023,1
26,61,8,2023,1
26,61,8,2023,1
26,61,8,2023,1
26,80,9,2023,1
26,80,9,2023,1
26,80,9,2023,1
26,80,9,2023,1
26,80,9,2023,1
26,80,9,2023,1
26,80,9,2023,1
26,70,10,2023,1
26,70,10,2023,1
26,70,10,2023,1
26,70,10,2023,1
26,70,10,2023,1
26,70,10,2023,1
26,70,10,2023,1
26,80,11,2023,1
26,80,11,2023,1
26,80,11,2023,1
26,80,11,2023,1
26,80,11,2023,1
26,80,11,2023,1
26,80,11,2023,1
26,63,12,2023,1
26,63,12,2023,1
26,63,12,2023,1
26,63,12,2023,1
26,63,12,2023,1
26,63,12,2023,1
26,63,12,2023,1
26,41,1,2023,2
26,46,2,2023,2
26,41,3,2023,2
26,54,4,2023,2
26,33,5,2023,2
26,42,6,2023,2
26,32,7,2023,2
26,44,8,2023,2
26,47,9,2023,2
26,50,10,2023,2
26,37,11,2023,2
26,34,12,2023,2
26,3,1,2023,3
26,3,2,2023,3
26,1,3,2023,3
26,0,4,2023,3
26,1,5,2023,3
26,1,6,2023,3
26,3,7,2023,3
26,0,8,2023,3
26,3,9,2023,3
26,3,10,2023,3
26,1,11,2023,3
26,4,12,2023,3
26,4,1,2023,4
26,9,2,2023,4
26,6,3,2023,4
26,4,4,2023,4
26,13,5,2023,4
26,4,6,2023,4
26,4,7,2023,4
26,4,8,2023,4
26,7,9,2023,4
26,0,10,2023,4
26,1,11,2023,4
26,3,12,2023,4
26,0,1,2023,5
26,0,2,2023,5
26,1,3,2023,5
26,0,4,2023,5
26,2,5,2023,5
26,0,6,2023,5
26,0,7,2023,5
26,0,8,2023,5
26,0,9,2023,5
26,2,10,2023,5
26,0,11,2023,5
26,0,12,2023,5
26,9,1,2023,6
26,26,2,2023,6
26,19,3,2023,6
26,39,4,2023,6
26,26,5,2023,6
26,41,6,2023,6
26,36,7,2023,6
26,12,8,2023,6
26,22,9,2023,6
26,15,10,2023,6
26,40,11,2023,6
26,21,12,2023,6
27,18,1,2023,0
27,18,1,2023,0
27,23,2,2023,0
27,23,2,2023,0
27,23,3,2023,0
27,23,3,2023,0
27,30,4,2023,0
27,30,4,2023,0
27,31,5,2023,0
27,31,5,2023,0
27,20,6,2023,0
27,20,6,2023,0
27,29,7,2023,0
27,29,7,2023,0
27,15,8,2023,0
27,15,8,2023,0
27,17,9,2023,0
27,17,9,2023,0
27,45,10,2023,0
27,45,10,2023,0
27,15,11,2023,0
27,15,11,2023,0
27,19,12,2023,0
27,19,12,2023,0
27,68,1,2023,1
27,68,1,2023,1
27,68,1,2023,1
27,68,1,2023,1
27,68,1,2023,1
27,68,1,2023,1
27,68,1,2023,1
27,74,2,2023,1
27,74,2,2023,1
27,74,2,2023,1
27,74,2,2023,1
27,74,2,2023,1
27,74,2,2023,1
27,74,2,2023,1
27,78,3,2023,1
27,78,3,2023,1
27,78,3,2023,1
27,78,3,2023,1
27,78,3,2023,1
27,78,3,2023,1
27,78,3,2023,1
27,92,4,2023,1
27,92,4,2023,1
27,92,4,2023,1
27,92,4,2023,1
27,92,4,2023,1
27,92,4,2023,1
27,92,4,2023,1
27,107,5,2023,1
27,107,5,2023,1
27,107,5,2023,1
27,107,5,2023,1
27,107,5,2023,1
27,107,5,2023,1
27,107,5,2023,1
27,62,6,2023,1
27,62,6,2023,1
27,62,6,2023,1
27,62,6,2023,1
27,62,6,2023,1
27,62,6,2023,1
27,62,6,2023,1
27,85,7,2023,1
27,85,7,2023,1
27,85,7,2023,1
27,85,7,2023,1
27,85,7,2023,1
27,85,7,2023,1
27,85,7,2023,1
27,84,8,2023,1
27,84,8,2023,1
27,84,8,2023,1
27,84,8,2023,1
27,84,8,2023,1
27,84,8,2023,1
27,84,8,2023,1
27,91,9,2023,1
27,91,9,2023,1
27,91,9,2023,1
27,91,9,2023,1
27,91,9,2023,1
27,91,9,2023,1
27,91,9,2023,1
27,118,10,2023,1
27,118,10,2023,1
27,118,10,2023,1
27,118,10,2023,1
27,118,10,2023,1
27,118,10,2023,1
27,118,10,2023,1
27,102,11,2023,1
27,102,11,2023,1
27,102,11,2023,1
27,102,11,2023,1
27,102,11,2023,1
27,102,11,2023,1
27,102,11,2023,1
27,89,12,2023,1
27,89,12,2023,1
27,89,12,2023,1
27,89,12,2023,1
27,89,12,2023,1
27,89,12,2023,1
27,89,12,2023,1
27,41,1,2023,2
27,44,2,2023,2
27,44,3,2023,2
27,47,4,2023,2
27,64,5,2023,2
27,35,6,2023,2
27,46,7,2023,2
27,57,8,2023,2
27,64,9,2023,2
27,62,10,2023,2
27,69,11,2023,2
27,56,12,2023,2
27,7,1,2023,3
27,4,2,2023,3
27,5,3,2023,3
27,5,4,2023,3
27,2,5,2023,3
27,3,6,2023,3
27,6,7,2023,3
27,4,8,2023,3
27,0,9,2023,3
27,3,10,2023,3
27,7,11,2023,3
27,4,12,2023,3
27,2,1,2023,4
27,3,2,2023,4
27,6,3,2023,4
27,9,4,2023,4
27,10,5,2023,4
27,4,6,2023,4
27,4,7,2023,4
27,8,8,2023,4
27,8,9,2023,4
27,7,10,2023,4
27,11,11,2023,4
27,9,12,2023,4
27,0,1,2023,5
27,0,2,2023,5
27,0,3,2023,5
27,1,4,2023,5
27,0,5,2023,5
27,0,6,2023,5
27,0,7,2023,5
27,0,8,2023,5
27,2,9,2023,5
27,1,10,2023,5
27,0,11,2023,5
27,1,12,2023,5
27,18,1,2023,6
27,22,2,2023,6
27,19,3,2023,6
27,29,4,2023,6
27,27,5,2023,6
27,20,6,2023,6
27,27,7,2023,6
27,15,8,2023,6
27,15,9,2023,6
27,43,10,2023,6
27,15,11,2023,6
27,16,12,2023,6
28,31,1,2023,0
28,31,1,2023,0
28,43,2,2023,0
28,43,2,2023,0
28,42,3,2023,0
28,42,3,2023,0
28,39,4,2023,0
28,39,4,2023,0
28,34,5,2023,0
28,34,5,2023,0
28,36,6,2023,0
28,36,6,2023,0
28,40,7,2023,0
28,40,7,2023,0
28,37,8,2023,0
28,37,8,2023,0
28,38,9,2023,0
28,38,9,2023,0
28,31,10,2023,0
28,31,10,2023,0
28,37,11,2023,0
28,37,11,2023,0
28,33,12,2023,0
28,33,12,2023,0
28,89,1,2023,1
28,89,1,2023,1
28,89,1,2023,1
28,89,1,2023,1
28,89,1,2023,1
28,89,1,2023,1
28,89,1,2023,1
28,130,2,2023,1
28,130,2,2023,1
28,130,2,2023,1
28,130,2,2023,1
28,130,2,2023,1
28,130,2,2023,1
28,130,2,2023,1
28,114,3,2023,1
28,114,3,2023,1
28,114,3,2023,1
28,114,3,2023,1
28,114,3,2023,1
28,114,3,2023,1
28,114,3,2023,1
28,139,4,2023,1
28,139,4,2023,1
28,139,4,2023,1
28,139,4,2023,1
28,139,4,2023,1
28,139,4,2023,1
28,139,4,2023,1
28,95,5,2023,1
28,95,5,2023,1
28,95,5,2023,1
28,95,5,2023,1
28,95,5,2023,1
28,95,5,2023,1
28,95,5,2023,1
28,87,6,2023,1
28,87,6,2023,1
28,87,6,2023,1
28,87,6,2023,1
28,87,6,2023,1
28,87,6,2023,1
28,87,6,2023,1
28,113,7,2023,1
28,113,7,2023,1
28,113,7,2023,1
28,113,7,2023,1
28,113,7,2023,1
28,113,7,2023,1
28,113,7,2023,1
28,88,8,2023,1
28,88,8,2023,1
28,88,8,2023,1
28,88,8,2023,1
28,88,8,2023,1
28,88,8,2023,1
28,88,8,2023,1
28,115,9,2023,1
28,115,9,2023,1
28,115,9,2023,1
28,115,9,2023,1
28,115,9,2023,1
28,115,9,2023,1
28,115,9,2023,1
28,116,10,2023,1
28,116,10,2023,1
28,116,10,2023,1
28,116,10,2023,1
28,116,10,2023,1
28,116,10,2023,1
28,116,10,2023,1
28,113,11,2023,1
28,113,11,2023,1
28,113,11,2023,1
28,113,11,2023,1
28,113,11,2023,1
28,113,11,2023,1
28,113,11,2023,1
28,97,12,2023,1
28,97,12,2023,1
28,97,12,2023,1
28,97,12,2023,1
28,97,12,2023,1
28,97,12,2023,1
28,97,12,2023,1
28,48,1,2023,2
28,71,2,2023,2
28,60,3,2023,2
28,87,4,2023,2
28,55,5,2023,2
28,48,6,2023,2
28,63,7,2023,2
28,49,8,2023,2
28,70,9,2023,2
28,70,10,2023,2
28,67,11,2023,2
28,55,12,2023,2
28,2,1,2023,3
28,4,2,2023,3
28,3,3,2023,3
28,5,4,2023,3
28,1,5,2023,3
28,0,6,2023,3
28,2,7,2023,3
28,2,8,2023,3
28,1,9,2023,3
28,1,10,2023,3
28,4,11,2023,3
28,2,12,2023,3
28,8,1,2023,4
28,11,2,2023,4
28,8,3,2023,4
28,7,4,2023,4
28,5,5,2023,4
28,2,6,2023,4
28,8,7,2023,4
28,0,8,2023,4
28,5,9,2023,4
28,14,10,2023,4
28,4,11,2023,4
28,6,12,2023,4
28,0,1,2023,5
28,1,2,2023,5
28,1,3,2023,5
28,1,4,2023,5
28,0,5,2023,5
28,1,6,2023,5
28,0,7,2023,5
28,0,8,2023,5
28,1,9,2023,5
28,0,10,2023,5
28,1,11,2023,5
28,1,12,2023,5
28,30,1,2023,6
28,43,2,2023,6
28,39,3,2023,6
28,37,4,2023,6
28,34,5,2023,6
28,32,6,2023,6
28,38,7,2023,6
28,37,8,2023,6
28,34,9,2023,6
28,27,10,2023,6
28,34,11,2023,6
28,30,12,2023,6
29,13,1,2023,0
29,13,1,2023,0
29,18,2,2023,0
29,18,2,2023,0
29,15,3,2023,0
29,15,3,2023,0
29,7,4,2023,0
29,7,4,2023,0
29,11,5,2023,0
29,11,5,2023,0
29,18,6,2023,0
29,18,6,2023,0
29,17,7,2023,0
29,17,7,2023,0
29,15,8,2023,0
29,15,8,2023,0
29,23,9,2023,0
29,23,9,2023,0
29,16,10,2023,0
29,16,10,2023,0
29,15,11,2023,0
29,15,11,2023,0
29,12,12,2023,0
29,12,12,2023,0
29,37,1,2023,1
29,37,1,2023,1
29,37,1,2023,1
29,37,1,2023,1
29,37,1,2023,1
29,37,1,2023,1
29,37,1,2023,1
29,48,2,2023,1
29,48,2,2023,1
29,48,2,2023,1
29,48,2,2023,1
29,48,2,2023,1
29,48,2,2023,1
29,48,2,2023,1
29,54,3,2023,1
29,54,3,2023,1
29,54,3,2023,1
29,54,3,2023,1
29,54,3,2023,1
29,54,3,2023,1
29,54,3,2023,1
29,53,4,2023,1
29,53,4,2023,1
29,53,4,2023,1
29,53,4,2023,1
29,53,4,2023,1
29,53,4,2023,1
29,53,4,2023,1
29,38,5,2023,1
29,38,5,2023,1
29,38,5,2023,1
29,38,5,2023,1
29,38,5,2023,1
29,38,5,2023,1
29,38,5,2023,1
29,47,6,2023,1
29,47,6,2023,1
29,47,6,2023,1
29,47,6,2023,1
29,47,6,2023,1
29,47,6,2023,1
29,47,6,2023,1
29,78,7,2023,1
29,78,7,2023,1
29,78,7,2023,1
29,78,7,2023,1
29,78,7,2023,1
29,78,7,2023,1
29,78,7,2023,1
29,41,8,2023,1
29,41,8,2023,1
29,41,8,2023,1
29,41,8,2023,1
29,41,8,2023,1
29,41,8,2023,1
29,41,8,2023,1
29,49,9,2023,1
29,49,9,2023,1
29,49,9,2023,1
29,49,9,2023,1
29,49,9,2023,1
29,49,9,2023,1
29,49,9,2023,1
29,58,10,2023,1
29,58,10,2023,1
29,58,10,2023,1
29,58,10,2023,1
29,58,10,2023,1
29,58,10,2023,1
29,58,10,2023,1
29,59,11,2023,1
29,59,11,2023,1
29,59,11,2023,1
29,59,11,2023,1
29,59,11,2023,1
29,59,11,2023,1
29,59,11,2023,1
29,36,12,2023,1
29,36,12,2023,1
29,36,12,2023,1
29,36,12,2023,1
29,36,12,2023,1
29,36,12,2023,1
29,36,12,2023,1
29,20,1,2023,2
29,22,2,2023,2
29,35,3,2023,2
29,37,4,2023,2
29,24,5,2023,2
29,28,6,2023,2
29,48,7,2023,2
29,22,8,2023,2
29,23,9,2023,2
29,40,10,2023,2
29,33,11,2023,2
29,22,12,2023,2
29,1,1,2023,3
29,1,2,2023,3
29,0,3,2023,3
29,2,4,2023,3
29,3,5,2023,3
29,1,6,2023,3
29,7,7,2023,3
29,0,8,2023,3
29,0,9,2023,3
29,0,10,2023,3
29,5,11,2023,3
29,0,12,2023,3
29,3,1,2023,4
29,7,2,2023,4
29,4,3,2023,4
29,6,4,2023,4
29,0,5,2023,4
29,0,6,2023,4
29,5,7,2023,4
29,2,8,2023,4
29,3,9,2023,4
29,2,10,2023,4
29,6,11,2023,4
29,2,12,2023,4
29,0,1,2023,5
29,0,2,2023,5
29,0,3,2023,5
29,1,4,2023,5
29,0,5,2023,5
29,0,6,2023,5
29,1,7,2023,5
29,2,8,2023,5
29,0,9,2023,5
29,0,10,2023,5
29,0,11,2023,5
29,0,12,2023,5
29,13,1,2023,6
29,18,2,2023,6
29,15,3,2023,6
29,7,4,2023,6
29,11,5,2023,6
29,17,6,2023,6
29,15,7,2023,6
29,12,8,2023,6
29,17,9,2023,6
29,12,10,2023,6
29,15,11,2023,6
29,11,12,2023,6
30,0,1,2023,0
30,0,1,2023,0
30,2,2,2023,0
30,2,2,2023,0
30,2,3,2023,0
30,2,3,2023,0
30,7,4,2023,0
30,7,4,2023,0
30,7,5,2023,0
30,7,5,2023,0
30,8,6,2023,0
30,8,6,2023,0
30,2,7,2023,0
30,2,7,2023,0
30,3,8,2023,0
30,3,8,2023,0
30,8,9,2023,0
30,8,9,2023,0
30,0,10,2023,0
30,0,10,2023,0
30,0,11,2023,0
30,0,11,2023,0
30,2,12,2023,0
30,2,12,2023,0
30,2,1,2023,1
30,2,1,2023,1
30,2,1,2023,1
30,2,1,2023,1
30,2,1,2023,1
30,2,1,2023,1
30,2,1,2023,1
30,6,2,2023,1
30,6,2,2023,1
30,6,2,2023,1
30,6,2,2023,1
30,6,2,2023,1
30,6,2,2023,1
30,6,2,2023,1
30,10,3,2023,1
30,10,3,2023,1
30,10,3,2023,1
30,10,3,2023,1
30,10,3,2023,1
30,10,3,2023,1
30,10,3,2023,1
30,23,4,2023,1
30,23,4,2023,1
30,23,4,2023,1
30,23,4,2023,1
30,23,4,2023,1
30,23,4,2023,1
30,23,4,2023,1
30,18,5,2023,1
30,18,5,2023,1
30,18,5,2023,1
30,18,5,2023,1
30,18,5,2023,1
30,18,5,2023,1
30,18,5,2023,1
30,20,6,2023,1
30,20,6,2023,1
30,20,6,2023,1
30,20,6,2023,1
30,20,6,2023,1
30,20,6,2023,1
30,20,6,2023,1
30,7,7,2023,1
30,7,7,2023,1
30,7,7,2023,1
30,7,7,2023,1
30,7,7,2023,1
30,7,7,2023,1
30,7,7,2023,1
30,10,8,2023,1
30,10,8,2023,1
30,10,8,2023,1
30,10,8,2023,1
30,10,8,2023,1
30,10,8,2023,1
30,10,8,2023,1
30,22,9,2023,1
30,22,9,2023,1
30,22,9,2023,1
30,22,9,2023,1
30,22,9,2023,1
30,22,9,2023,1
30,22,9,2023,1
30,13,10,2023,1
30,13,10,2023,1
30,13,10,2023,1
30,13,10,2023,1
30,13,10,2023,1
30,13,10,2023,1
30,13,10,2023,1
30,10,11,2023,1
30,10,11,2023,1
30,10,11,2023,1
30,10,11,2023,1
30,10,11,2023,1
30,10,11,2023,1
30,10,11,2023,1
30,9,12,2023,1
30,9,12,2023,1
30,9,12,2023,1
30,9,12,2023,1
30,9,12,2023,1
30,9,12,2023,1
30,9,12,2023,1
30,1,1,2023,2
30,3,2,2023,2
30,8,3,2023,2
30,13,4,2023,2
30,11,5,2023,2
30,11,6,2023,2
30,5,7,2023,2
30,4,8,2023,2
30,14,9,2023,2
30,12,10,2023,2
30,7,11,2023,2
30,7,12,2023,2
30,0,1,2023,3
30,0,2,2023,3
30,0,3,2023,3
30,0,4,2023,3
30,0,5,2023,3
30,1,6,2023,3
30,0,7,2023,3
30,2,8,2023,3
30,0,9,2023,3
30,0,10,2023,3
30,1,11,2023,3
30,0,12,2023,3
30,1,1,2023,4
30,1,2,2023,4
30,0,3,2023,4
30,3,4,2023,4
30,0,5,2023,4
30,0,6,2023,4
30,0,7,2023,4
30,1,8,2023,4
30,0,9,2023,4
30,1,10,2023,4
30,1,11,2023,4
30,0,12,2023,4
30,0,1,2023,5
30,0,2,2023,5
30,0,3,2023,5
30,0,4,2023,5
30,0,5,2023,5
30,0,6,2023,5
30,0,7,2023,5
30,0,8,2023,5
30,0,9,2023,5
30,0,10,2023,5
30,1,11,2023,5
30,0,12,2023,5
30,0,1,2023,6
30,2,2,2023,6
30,1,3,2023,6
30,7,4,2023,6
30,7,5,2023,6
30,6,6,2023,6
30,2,7,2023,6
30,3,8,2023,6
30,7,9,2023,6
30,0,10,2023,6
30,0,11,2023,6
30,2,12,2023,6
31,24,1,2023,0
31,24,1,2023,0
31,15,2,2023,0
31,15,2,2023,0
31,21,3,2023,0
31,21,3,2023,0
31,13,4,2023,0
31,13,4,2023,0
31,17,5,2023,0
31,17,5,2023,0
31,27,6,2023,0
31,27,6,2023,0
31,34,7,2023,0
31,34,7,2023,0
31,20,8,2023,0
31,20,8,2023,0
31,25,9,2023,0
31,25,9,2023,0
31,16,10,2023,0
31,16,10,2023,0
31,25,11,2023,0
31,25,11,2023,0
31,20,12,2023,0
31,20,12,2023,0
31,79,1,2023,1
31,79,1,2023,1
31,79,1,2023,1
31,79,1,2023,1
31,79,1,2023,1
31,79,1,2023,1
31,79,1,2023,1
31,65,2,2023,1
31,65,2,2023,1
31,65,2,2023,1
31,65,2,2023,1
31,65,2,2023,1
31,65,2,2023,1
31,65,2,2023,1
31,64,3,2023,1
31,64,3,2023,1
31,64,3,2023,1
31,64,3,2023,1
31,64,3,2023,1
31,64,3,2023,1
31,64,3,2023,1
31,53,4,2023,1
31,53,4,2023,1
31,53,4,2023,1
31,53,4,2023,1
31,53,4,2023,1
31,53,4,2023,1
31,53,4,2023,1
31,62,5,2023,1
31,62,5,2023,1
31,62,5,2023,1
31,62,5,2023,1
31,62,5,2023,1
31,62,5,2023,1
31,62,5,2023,1
31,78,6,2023,1
31,78,6,2023,1
31,78,6,2023,1
31,78,6,2023,1
31,78,6,2023,1
31,78,6,2023,1
31,78,6,2023,1
31,77,7,2023,1
31,77,7,2023,1
31,77,7,2023,1
31,77,7,2023,1
31,77,7,2023,1
31,77,7,2023,1
31,77,7,2023,1
31,68,8,2023,1
31,68,8,2023,1
31,68,8,2023,1
31,68,8,2023,1
31,68,8,2023,1
31,68,8,2023,1
31,68,8,2023,1
31,75,9,2023,1
31,75,9,2023,1
31,75,9,2023,1
31,75,9,2023,1
31,75,9,2023,1
31,75,9,2023,1
31,75,9,2023,1
31,54,10,2023,1
31,54,10,2023,1
31,54,10,2023,1
31,54,10,2023,1
31,54,10,2023,1
31,54,10,2023,1
31,54,10,2023,1
31,88,11,2023,1
31,88,11,2023,1
31,88,11,2023,1
31,88,11,2023,1
31,88,11,2023,1
31,88,11,2023,1
31,88,11,2023,1
31,82,12,2023,1
31,82,12,2023,1
31,82,12,2023,1
31,82,12,2023,1
31,82,12,2023,1
31,82,12,2023,1
31,82,12,2023,1
31,44,1,2023,2
31,46,2,2023,2
31,34,3,2023,2
31,34,4,2023,2
31,41,5,2023,2
31,40,6,2023,2
31,37,7,2023,2
31,44,8,2023,2
31,39,9,2023,2
31,37,10,2023,2
31,58,11,2023,2
31,55,12,2023,2
31,1,1,2023,3
31,0,2,2023,3
31,2,3,2023,3
31,1,4,2023,3
31,0,5,2023,3
31,0,6,2023,3
31,1,7,2023,3
31,0,8,2023,3
31,5,9,2023,3
31,1,10,2023,3
31,1,11,2023,3
31,5,12,2023,3
31,10,1,2023,4
31,4,2,2023,4
31,6,3,2023,4
31,5,4,2023,4
31,4,5,2023,4
31,10,6,2023,4
31,5,7,2023,4
31,4,8,2023,4
31,5,9,2023,4
31,0,10,2023,4
31,4,11,2023,4
31,2,12,2023,4
31,0,1,2023,5
31,0,2,2023,5
31,1,3,2023,5
31,0,4,2023,5
31,0,5,2023,5
31,1,6,2023,5
31,0,7,2023,5
31,0,8,2023,5
31,1,9,2023,5
31,0,10,2023,5
31,0,11,2023,5
31,0,12,2023,5
31,23,1,2023,6
31,15,2,2023,6
31,19,3,2023,6
31,10,4,2023,6
31,15,5,2023,6
31,26,6,2023,6
31,26,7,2023,6
31,15,8,2023,6
31,23,9,2023,6
31,14,10,2023,6
31,23,11,2023,6
31,19,12,2023,6
32,31,1,2023,0
32,31,1,2023,0
32,21,2,2023,0
32,21,2,2023,0
32,23,3,2023,0
32,23,3,2023,0
32,28,4,2023,0
32,28,4,2023,0
32,27,5,2023,0
32,27,5,2023,0
32,18,6,2023,0
32,18,6,2023,0
32,19,7,2023,0
32,19,7,2023,0
32,16,8,2023,0
32,16,8,2023,0
32,22,9,2023,0
32,22,9,2023,0
32,20,10,2023,0
32,20,10,2023,0
32,20,11,2023,0
32,20,11,2023,0
32,17,12,2023,0
32,17,12,2023,0
32,58,1,2023,1
32,58,1,2023,1
32,58,1,2023,1
32,58,1,2023,1
32,58,1,2023,1
32,58,1,2023,1
32,58,1,2023,1
32,77,2,2023,1
32,77,2,2023,1
32,77,2,2023,1
32,77,2,2023,1
32,77,2,2023,1
32,77,2,2023,1
32,77,2,2023,1
32,49,3,2023,1
32,49,3,2023,1
32,49,3,2023,1
32,49,3,2023,1
32,49,3,2023,1
32,49,3,2023,1
32,49,3,2023,1
32,69,4,2023,1
32,69,4,2023,1
32,69,4,2023,1
32,69,4,2023,1
32,69,4,2023,1
32,69,4,2023,1
32,69,4,2023,1
32,83,5,2023,1
32,83,5,2023,1
32,83,5,2023,1
32,83,5,2023,1
32,83,5,2023,1
32,83,5,2023,1
32,83,5,2023,1
32,56,6,2023,1
32,56,6,2023,1
32,56,6,2023,1
32,56,6,2023,1
32,56,6,2023,1
32,56,6,2023,1
32,56,6,2023,1
32,61,7,2023,1
32,61,7,2023,1
32,61,7,2023,1
32,61,7,2023,1
32,61,7,2023,1
32,61,7,2023,1
32,61,7,2023,1
32,67,8,2023,1
32,67,8,2023,1
32,67,8,2023,1
32,67,8,2023,1
32,67,8,2023,1
32,67,8,2023,1
32,67,8,2023,1
32,64,9,2023,1
32,64,9,2023,1
32,64,9,2023,1
32,64,9,2023,1
32,64,9,2023,1
32,64,9,2023,1
32,64,9,2023,1
32,57,10,2023,1
32,57,10,2023,1
32,57,10,2023,1
32,57,10,2023,1
32,57,10,2023,1
32,57,10,2023,1
32,57,10,2023,1
32,92,11,2023,1
32,92,11,2023,1
32,92,11,2023,1
32,92,11,2023,1
32,92,11,2023,1
32,92,11,2023,1
32,92,11,2023,1
32,63,12,2023,1
32,63,12,2023,1
32,63,12,2023,1
32,63,12,2023,1
32,63,12,2023,1
32,63,12,2023,1
32,63,12,2023,1
32,22,1,2023,2
32,47,2,2023,2
32,21,3,2023,2
32,29,4,2023,2
32,44,5,2023,2
32,33,6,2023,2
32,30,7,2023,2
32,45,8,2023,2
32,34,9,2023,2
32,29,10,2023,2
32,62,11,2023,2
32,39,12,2023,2
32,3,1,2023,3
32,0,2,2023,3
32,1,3,2023,3
32,4,4,2023,3
32,5,5,2023,3
32,0,6,2023,3
32,4,7,2023,3
32,4,8,2023,3
32,3,9,2023,3
32,2,10,2023,3
32,5,11,2023,3
32,3,12,2023,3
32,2,1,2023,4
32,9,2,2023,4
32,3,3,2023,4
32,8,4,2023,4
32,7,5,2023,4
32,5,6,2023,4
32,6,7,2023,4
32,2,8,2023,4
32,5,9,2023,4
32,6,10,2023,4
32,5,11,2023,4
32,3,12,2023,4
32,0,1,2023,5
32,0,2,2023,5
32,1,3,2023,5
32,0,4,2023,5
32,0,5,2023,5
32,0,6,2023,5
32,2,7,2023,5
32,0,8,2023,5
32,0,9,2023,5
32,0,10,2023,5
32,0,11,2023,5
32,1,12,2023,5
32,30,1,2023,6
32,20,2,2023,6
32,23,3,2023,6
32,27,4,2023,6
32,26,5,2023,6
32,18,6,2023,6
32,17,7,2023,6
32,16,8,2023,6
32,20,9,2023,6
32,18,10,2023,6
32,20,11,2023,6
32,16,12,2023,6
