Crime_Type,Region,Month,Year,Predicted_Crime
1,1,1,2024,80.79187309741975
1,1,2,2024,85.87251055240633
1,1,3,2024,98.86191999912263
1,1,4,2024,77.54720795154573
1,1,5,2024,93.93272316455842
1,1,6,2024,82.75275433063509
1,1,7,2024,92.80314004421236
1,1,8,2024,83.97957575321199
1,1,9,2024,97.13934981822969
1,1,10,2024,80.55076134204866
1,1,11,2024,85.02034294605257
1,1,12,2024,100.69183290004732
1,2,1,2024,55.389165580272675
1,2,2,2024,40.88434875011444
1,2,3,2024,47.31430059671402
1,2,4,2024,47.37373664975166
1,2,5,2024,47.688813865184784
1,2,6,2024,49.35903471708298
1,2,7,2024,46.78509923815727
1,2,8,2024,44.493119325488806
1,2,9,2024,40.031455278396606
1,2,10,2024,45.59562632068992
1,2,11,2024,37.761150777339935
1,2,12,2024,41.0207127481699
1,3,1,2024,12.720609307289124
1,3,2,2024,14.810036458075047
1,3,3,2024,12.79039740562439
1,3,4,2024,14.973590411245823
1,3,5,2024,12.589853405952454
1,3,6,2024,14.482336081564426
1,3,7,2024,13.192223310470581
1,3,8,2024,14.77414134889841
1,3,9,2024,12.834415435791016
1,3,10,2024,15.076751746237278
1,3,11,2024,12.463356852531433
1,3,12,2024,14.155460596084595
1,4,1,2024,49.06966841220856
1,4,2,2024,10.874878525733948
1,4,3,2024,-123.02286291122437
1,4,4,2024,-605.4184236526489
1,4,5,2024,-2352.8879585266113
1,4,6,2024,-8679.721664428711
1,4,7,2024,-31586.45819091797
1,4,8,2024,-114521.88391113281
1,4,9,2024,-414795.4697265625
1,4,10,2024,-1501957.8574218748
1,4,11,2024,-5438104.078125
1,4,12,2024,-19689202.75
1,5,1,2024,47.32692863047123
1,5,2,2024,45.14273989200592
1,5,3,2024,50.100094333291054
1,5,4,2024,52.50052835047245
1,5,5,2024,54.390210166573524
1,5,6,2024,53.76804496347904
1,5,7,2024,53.97290612757206
1,5,8,2024,53.90545751154423
1,5,9,2024,53.92764236032963
1,5,10,2024,53.920358672738075
1,5,11,2024,53.92274285852909
1,5,12,2024,53.921979919075966
1,6,1,2024,79.26295058429241
1,6,2,2024,91.89078854490072
1,6,3,2024,100.67249791324139
1,6,4,2024,93.41337363794446
1,6,5,2024,110.56439751386642
1,6,6,2024,91.47454904485494
1,6,7,2024,96.3865906521678
1,6,8,2024,101.08714120090008
1,6,9,2024,93.00238769128919
1,6,10,2024,111.87446945905685
1,6,11,2024,92.03065084386617
1,6,12,2024,102.11257593333721
1,7,1,2024,89.23129531741142
1,7,2,2024,99.07369516044855
1,7,3,2024,96.9421894326806
1,7,4,2024,80.1660406589508
1,7,5,2024,98.06345961242914
1,7,6,2024,88.99104425311089
1,7,7,2024,98.49436090141535
1,7,8,2024,92.38250443339348
1,7,9,2024,106.67247602343559
1,7,10,2024,91.5898629128933
1,7,11,2024,104.76110312342644
1,7,12,2024,95.1992125287652
1,8,1,2024,69.54910606145859
1,8,2,2024,70.97163334488869
1,8,3,2024,70.73218509554863
1,8,4,2024,70.77248945832253
1,8,5,2024,70.76570484042168
1,8,6,2024,70.76684865355492
1,8,7,2024,70.76665300130844
1,8,8,2024,70.76668611168861
1,8,9,2024,70.76668310165405
1,8,10,2024,70.76668009161949
1,8,11,2024,70.76668009161949
1,8,12,2024,70.76668009161949
1,9,1,2024,74.11520785093307
1,9,2,2024,61.354258894920356
1,9,3,2024,67.21828985214233
1,9,4,2024,73.98850619792938
1,9,5,2024,61.182355672121055
1,9,6,2024,66.33952370285988
1,9,7,2024,74.49858117103577
1,9,8,2024,62.08068102598191
1,9,9,2024,70.93171712756157
1,9,10,2024,71.6342109143734
1,9,11,2024,69.23221862316132
1,9,12,2024,72.819545596838
1,10,1,2024,57.49717928469181
1,10,2,2024,60.561440244317055
1,10,3,2024,66.88498635590076
1,10,4,2024,73.73530913889408
1,10,5,2024,62.40120233595371
1,10,6,2024,69.94638825953007
1,10,7,2024,75.54144831001759
1,10,8,2024,56.13738693296909
1,10,9,2024,57.755317226052284
1,10,10,2024,61.094138994812965
1,10,11,2024,67.81461562216282
1,10,12,2024,77.30419172346592
1,11,1,2024,10.012481570243835
1,11,2,2024,12.026730060577393
1,11,3,2024,7.362634658813477
1,11,4,2024,6.698526382446289
1,11,5,2024,7.525730133056641
1,11,6,2024,6.495378494262695
1,11,7,2024,7.778770446777344
1,11,8,2024,6.180193901062012
1,11,9,2024,8.171357035636902
1,11,10,2024,6.731377601623535
1,11,11,2024,7.484809875488281
1,11,12,2024,6.546348571777344
1,12,1,2024,45.40151834487915
1,12,2,2024,55.68037986755371
1,12,3,2024,50.00923156738281
1,12,4,2024,46.72732353210449
1,12,5,2024,45.501036643981934
1,12,6,2024,56.52540683746338
1,12,7,2024,48.815155029296875
1,12,8,2024,41.974802017211914
1,12,9,2024,44.95102405548096
1,12,10,2024,51.85511589050293
1,12,11,2024,53.810577392578125
1,12,12,2024,52.651519775390625
1,13,1,2024,21.33606654405594
1,13,2,2024,18.50707173347473
1,13,3,2024,18.925783306360245
1,13,4,2024,16.9307242333889
1,13,5,2024,16.937322050333023
1,13,6,2024,16.965163618326187
1,13,7,2024,17.082644164562225
1,13,8,2024,17.578365564346313
1,13,9,2024,19.670114815235138
1,13,10,2024,16.023250341415405
1,13,11,2024,13.616622686386108
1,13,12,2024,19.111670553684235
1,14,1,2024,46.51722353696823
1,14,2,2024,46.39698040485382
1,14,3,2024,46.40017506480217
1,14,4,2024,46.400096386671066
1,14,5,2024,46.40009146928787
1,14,6,2024,46.40009146928787
1,14,7,2024,46.40009146928787
1,14,8,2024,46.40009146928787
1,14,9,2024,46.40009146928787
1,14,10,2024,46.40009146928787
1,14,11,2024,46.40009146928787
1,14,12,2024,46.40009146928787
1,15,1,2024,107.16580581665039
1,15,2,2024,110.91682434082031
1,15,3,2024,126.6613597869873
1,15,4,2024,107.29522705078125
1,15,5,2024,111.46006393432617
1,15,6,2024,126.57479095458984
1,15,7,2024,107.40497589111328
1,15,8,2024,111.92072296142578
1,15,9,2024,125.99054718017578
1,15,10,2024,108.14602661132812
1,15,11,2024,115.03120422363281
1,15,12,2024,122.04552841186523
1,16,1,2024,62.832122728228576
1,16,2,2024,61.449028894305236
1,16,3,2024,65.22016935050488
1,16,4,2024,56.77482883632184
1,16,5,2024,69.15487901866436
1,16,6,2024,53.53589622676373
1,16,7,2024,63.371138021349914
1,16,8,2024,59.979326412081726
1,16,9,2024,66.83181969821453
1,16,10,2024,58.58179967105389
1,16,11,2024,48.24241393804551
1,16,12,2024,48.024362742900855
1,17,1,2024,70.04586911201477
1,17,2,2024,71.93701100349426
1,17,3,2024,49.986243724823
1,17,4,2024,58.39625859260559
1,17,5,2024,69.94252896308899
1,17,6,2024,71.91931700706482
1,17,7,2024,50.42150616645813
1,17,8,2024,58.16173481941223
1,17,9,2024,69.90234303474426
1,17,10,2024,71.91243767738342
1,17,11,2024,50.59073209762573
1,17,12,2024,58.07058262825012
1,18,1,2024,9.968214079737665
1,18,2,2024,10.228105127811434
1,18,3,2024,9.43390725553036
1,18,4,2024,10.709568351507189
1,18,5,2024,7.797836303710938
1,18,6,2024,9.851641684770586
1,18,7,2024,10.333148509263994
1,18,8,2024,9.076956868171694
1,18,9,2024,10.589208066463472
1,18,10,2024,8.206835001707079
1,18,11,2024,10.08747896552086
1,18,12,2024,9.911772564053537
1,19,1,2024,40.68651466071606
1,19,2,2024,38.065290570259094
1,19,3,2024,39.92906305193901
1,19,4,2024,38.60386371612549
1,19,5,2024,39.54612426459789
1,19,6,2024,38.87613953649998
1,19,7,2024,39.352515801787376
1,19,8,2024,39.013802871108055
1,19,9,2024,39.25463591516018
1,19,10,2024,39.08340139687061
1,19,11,2024,39.205147087574005
1,19,12,2024,39.11859080195427
1,20,1,2024,33.43104735016823
1,20,2,2024,35.57688370347023
1,20,3,2024,29.059654474258423
1,20,4,2024,30.11065125465393
1,20,5,2024,31.909161806106567
1,20,6,2024,34.9868406355381
1,20,7,2024,30.8517062664032
1,20,8,2024,33.1772817671299
1,20,9,2024,36.34760871529579
1,20,10,2024,26.718848943710327
1,20,11,2024,28.83667826652527
1,20,12,2024,29.729083776474
1,21,1,2024,49.64736931771041
1,21,2,2024,43.16852313280106
1,21,3,2024,52.52657380700112
1,21,4,2024,39.610442340374
1,21,5,2024,51.51911140233279
1,21,6,2024,40.85545164346696
1,21,7,2024,51.87163245677949
1,21,8,2024,40.419804275035865
1,21,9,2024,51.748278260231025
1,21,10,2024,40.57224807143212
1,21,11,2024,51.79143977165223
1,21,12,2024,40.51890593767167
1,22,1,2024,39.936878725886345
1,22,2,2024,42.220853835344315
1,22,3,2024,47.139341950416565
1,22,4,2024,33.56732425093651
1,22,5,2024,34.61486575007439
1,22,6,2024,44.43127906695008
1,22,7,2024,51.88085463643074
1,22,8,2024,47.113005712628365
1,22,9,2024,33.76481083035469
1,22,10,2024,36.08068336546421
1,22,11,2024,44.66922051087022
1,22,12,2024,51.08389464020729
1,23,1,2024,49.94355201721192
1,23,2,2024,47.04441952705384
1,23,3,2024,48.7620371580124
1,23,4,2024,45.996513366699226
1,23,5,2024,50.44923317432404
1,23,6,2024,50.78022539615632
1,23,7,2024,53.225504040718086
1,23,8,2024,57.498290501534946
1,23,9,2024,48.29433405399323
1,23,10,2024,46.74954783916474
1,23,11,2024,49.236803889274604
1,23,12,2024,45.232043147087104
1,24,1,2024,32.99523684382439
1,24,2,2024,35.46752701699734
1,24,3,2024,33.6814379543066
1,24,4,2024,34.97178103029728
1,24,5,2024,34.03958107531071
1,24,6,2024,34.71304203569889
1,24,7,2024,34.226501509547234
1,24,8,2024,34.57800526916981
1,24,9,2024,34.324062302708626
1,24,10,2024,34.50752438604832
1,24,11,2024,34.37498368322849
1,24,12,2024,34.47073335945606
1,25,1,2024,35.92944183945656
1,25,2,2024,41.849768716841936
1,25,3,2024,36.17354968190193
1,25,4,2024,42.30859640240669
1,25,5,2024,36.137450486421585
1,25,6,2024,42.240734308958054
1,25,7,2024,35.999572306871414
1,25,8,2024,41.981583554297686
1,25,9,2024,35.95936897397041
1,25,10,2024,41.90602393820882
1,25,11,2024,36.08213070034981
1,25,12,2024,42.13675709441304
1,26,1,2024,105.4536372423172
1,26,2,2024,103.42268168926239
1,26,3,2024,100.09348273277283
1,26,4,2024,108.29338192939758
1,26,5,2024,110.37264049053192
1,26,6,2024,106.29903614521027
1,26,7,2024,105.11163532733917
1,26,8,2024,102.86205470561981
1,26,9,2024,99.17440831661224
1,26,10,2024,109.36929166316986
1,26,11,2024,110.52813827991486
1,26,12,2024,105.6436675786972
1,27,1,2024,19.581067085266113
1,27,2,2024,34.92465591430664
1,27,3,2024,29.106683492660522
1,27,4,2024,32.7715003490448
1,27,5,2024,31.109325170516968
1,27,6,2024,32.11530900001526
1,27,7,2024,31.71963143348694
1,27,8,2024,31.915335416793823
1,27,9,2024,31.851207494735718
1,27,10,2024,31.872225046157837
1,27,11,2024,31.86534333229065
1,27,12,2024,31.86760926246643
1,28,1,2024,28.933505564928055
1,28,2,2024,23.9365454018116
1,28,3,2024,29.143878370523453
1,28,4,2024,23.899319916963577
1,28,5,2024,29.169692546129227
1,28,6,2024,23.936345130205154
1,28,7,2024,29.143995195627213
1,28,8,2024,23.899511843919754
1,28,9,2024,29.16955903172493
1,28,10,2024,23.93613651394844
1,28,11,2024,29.144166260957718
1,28,12,2024,23.899737149477005
1,29,1,2024,44.381090849637985
1,29,2,2024,47.21715730428696
1,29,3,2024,55.581217020750046
1,29,4,2024,21.288121670484543
1,29,5,2024,35.50673592090607
1,29,6,2024,38.71069914102554
1,29,7,2024,35.17526018619537
1,29,8,2024,40.61263754591346
1,29,9,2024,37.41230595111847
1,29,10,2024,34.60606473684311
1,29,11,2024,43.87851908430457
1,29,12,2024,45.53110991418362
1,30,1,2024,12.091894984245302
1,30,2,2024,12.125558733940126
1,30,3,2024,12.137890219688417
1,30,4,2024,12.14241683483124
1,30,5,2024,12.144079566001894
1,30,6,2024,12.14467227458954
1,30,7,2024,12.14489781856537
1,30,8,2024,12.144992232322695
1,30,9,2024,12.145013213157656
1,30,10,2024,12.145013213157656
1,30,11,2024,12.145013213157656
1,30,12,2024,12.145013213157656
1,31,1,2024,3.0907153487205505
1,31,2,2024,2.5796448290348053
1,31,3,2024,2.689616471529007
1,31,4,2024,2.6135189831256866
1,31,5,2024,2.6661766469478607
1,31,6,2024,2.629738837480545
1,31,7,2024,2.6549526751041412
1,31,8,2024,2.637505441904068
1,31,9,2024,2.6495786011219025
1,31,10,2024,2.641224056482315
1,31,11,2024,2.647005021572113
1,31,12,2024,2.6430050432682037
1,32,1,2024,25.928647838532925
1,32,2,2024,24.94518867880106
1,32,3,2024,21.403381496667862
1,32,4,2024,24.31882032006979
1,32,5,2024,20.966704726219177
1,32,6,2024,24.820901684463024
1,32,7,2024,20.955775797367096
1,32,8,2024,24.833465687930584
1,32,9,2024,21.001023590564728
1,32,10,2024,24.781441025435925
1,32,11,2024,20.813663512468338
1,32,12,2024,24.996863715350628
1,33,1,2024,36.94200134277344
1,33,2,2024,28.37350034713745
1,33,3,2024,25.846627712249756
1,33,4,2024,20.5664324760437
1,33,5,2024,21.89953374862671
1,33,6,2024,23.86110681295395
1,33,7,2024,21.227688789367676
1,33,8,2024,22.872527062892914
1,33,9,2024,25.292800903320312
1,33,10,2024,19.409151554107666
1,33,11,2024,20.196669101715088
1,33,12,2024,21.355449676513672
2,1,1,2024,230.32305558025834
2,1,2,2024,221.88114388287065
2,1,3,2024,235.420421436429
2,1,4,2024,237.06134255230424
2,1,5,2024,235.77258904278276
2,1,6,2024,236.78474815189836
2,1,7,2024,235.98979575932023
2,1,8,2024,236.61414106190202
2,1,9,2024,236.1238053590059
2,1,10,2024,236.50891478359696
2,1,11,2024,236.20645888149735
2,1,12,2024,236.44399602711198
2,2,1,2024,123.2301254272461
2,2,2,2024,118.81224822998047
2,2,3,2024,123.72428131103516
2,2,4,2024,117.44641876220703
2,2,5,2024,122.89337921142578
2,2,6,2024,119.74303436279297
2,2,7,2024,124.29058074951172
2,2,8,2024,118.01396942138672
2,2,9,2024,123.23865509033203
2,2,10,2024,118.78868865966797
2,2,11,2024,123.7099838256836
2,2,12,2024,117.48592376708984
2,3,1,2024,21.13280820846558
2,3,2,2024,33.920084357261665
2,3,3,2024,37.711601376533515
2,3,4,2024,43.509487748146064
2,3,5,2024,40.072181105613716
2,3,6,2024,33.38097321987153
2,3,7,2024,35.49752867221833
2,3,8,2024,44.18997561931611
2,3,9,2024,41.396850943565376
2,3,10,2024,35.959640383720405
2,3,11,2024,46.08780777454377
2,3,12,2024,29.96262311935425
2,4,1,2024,234.78240111470222
2,4,2,2024,245.9744391143322
2,4,3,2024,243.37306615710258
2,4,4,2024,236.4280237853527
2,4,5,2024,235.890408962965
2,4,6,2024,245.49338456988335
2,4,7,2024,242.49438270926476
2,4,8,2024,231.73499700427055
2,4,9,2024,243.23924681544304
2,4,10,2024,235.7132851779461
2,4,11,2024,246.80994114279747
2,4,12,2024,244.8992402255535
2,5,1,2024,162.8788847923279
2,5,2,2024,134.36419439315796
2,5,3,2024,136.3878436088562
2,5,4,2024,136.51687574386597
2,5,5,2024,136.52510595321655
2,5,6,2024,136.52563047409058
2,5,7,2024,136.5256495475769
2,5,8,2024,136.52568769454956
2,5,9,2024,136.5256495475769
2,5,10,2024,136.52568769454956
2,5,11,2024,136.5256495475769
2,5,12,2024,136.52568769454956
2,6,1,2024,219.36029045283797
2,6,2,2024,199.15729133784774
2,6,3,2024,247.77190952003005
2,6,4,2024,246.66000156104568
2,6,5,2024,256.329667031765
2,6,6,2024,218.4725239723921
2,6,7,2024,201.59412114322188
2,6,8,2024,253.24082797765735
2,6,9,2024,211.35557202994826
2,6,10,2024,221.45391730964187
2,6,11,2024,217.35812513530257
2,6,12,2024,204.65300707519057
2,7,1,2024,265.1725909113884
2,7,2,2024,265.31017941236496
2,7,3,2024,265.4198541045189
2,7,4,2024,265.50733655691147
2,7,5,2024,265.57707875967026
2,7,6,2024,265.6326524615288
2,7,7,2024,265.67698615789413
2,7,8,2024,265.712365090847
2,7,9,2024,265.7405497431755
2,7,10,2024,265.7629958987236
2,7,11,2024,265.7808377146721
2,7,12,2024,265.79510778188705
2,8,1,2024,209.13980677723885
2,8,2,2024,181.7224245518446
2,8,3,2024,194.88325156271458
2,8,4,2024,234.48340967297554
2,8,5,2024,214.9196170270443
2,8,6,2024,182.45900347828865
2,8,7,2024,197.09955714643002
2,8,8,2024,241.15214347839355
2,8,9,2024,225.98449140787125
2,8,10,2024,200.81796757876873
2,8,11,2024,244.1662698984146
2,8,12,2024,230.98551109433174
2,9,1,2024,148.848668217659
2,9,2,2024,178.11210657656193
2,9,3,2024,173.55687256157398
2,9,4,2024,161.17038036882877
2,9,5,2024,205.1925437450409
2,9,6,2024,192.74469490349293
2,9,7,2024,178.32422550022602
2,9,8,2024,174.27796925604343
2,9,9,2024,160.5230399519205
2,9,10,2024,207.49317634105682
2,9,11,2024,188.64799211919308
2,9,12,2024,185.21538998186588
2,10,1,2024,193.60905438661575
2,10,2,2024,163.79086816310883
2,10,3,2024,174.39840066432953
2,10,4,2024,191.7137486934662
2,10,5,2024,165.32072639465332
2,10,6,2024,157.74501010775566
2,10,7,2024,164.79500305652618
2,10,8,2024,163.4678137898445
2,10,9,2024,177.91504725813866
2,10,10,2024,178.89980667829514
2,10,11,2024,176.237422645092
2,10,12,2024,183.43544161319733
2,11,1,2024,22.386251896619797
2,11,2,2024,24.046409457921982
2,11,3,2024,22.999638110399246
2,11,4,2024,23.61136692762375
2,11,5,2024,23.177499920129776
2,11,6,2024,23.48521849513054
2,11,7,2024,23.26697215437889
2,11,8,2024,23.421761214733124
2,11,9,2024,23.311977237462997
2,11,10,2024,23.38984316587448
2,11,11,2024,23.334615111351013
2,11,12,2024,23.37378618121147
2,12,1,2024,132.80199527740479
2,12,2,2024,126.48747086524963
2,12,3,2024,122.85469126701355
2,12,4,2024,120.76472133398056
2,12,5,2024,119.56234210729599
2,12,6,2024,118.87059825658798
2,12,7,2024,118.47262996435165
2,12,8,2024,118.24366229772568
2,12,9,2024,118.11192935705185
2,12,10,2024,118.03615802526474
2,12,11,2024,117.99255031347275
2,12,12,2024,117.9674763083458
2,13,1,2024,46.95029471814632
2,13,2,2024,58.28797243535519
2,13,3,2024,56.33861123025417
2,13,4,2024,57.48096798360348
2,13,5,2024,56.811519250273705
2,13,6,2024,57.20384131371975
2,13,7,2024,56.97393535077572
2,13,8,2024,57.10865221917629
2,13,9,2024,57.02971349656582
2,13,10,2024,57.07595871388912
2,13,11,2024,57.04887865483761
2,13,12,2024,57.064737662673
2,14,1,2024,147.09999823570251
2,14,2,2024,144.90926718711853
2,14,3,2024,139.9363362789154
2,14,4,2024,128.64785361289978
2,14,5,2024,144.5363347530365
2,14,6,2024,139.08977484703064
2,14,7,2024,126.7261791229248
2,14,8,2024,136.01467108726501
2,14,9,2024,158.50324988365173
2,14,10,2024,115.77535438537598
2,14,11,2024,134.73279929161072
2,14,12,2024,156.07291388511658
2,15,1,2024,269.965394616127
2,15,2,2024,233.54478466510773
2,15,3,2024,234.81150496006012
2,15,4,2024,236.20970833301544
2,15,5,2024,237.75305378437042
2,15,6,2024,260.968652844429
2,15,7,2024,284.9837290048599
2,15,8,2024,296.98455917835236
2,15,9,2024,259.6540652513504
2,15,10,2024,282.4239431619644
2,15,11,2024,279.623118519783
2,15,12,2024,260.6268535852432
2,16,1,2024,168.38212144374847
2,16,2,2024,172.64139783382416
2,16,3,2024,176.70116555690765
2,16,4,2024,151.7363442182541
2,16,5,2024,186.6712702512741
2,16,6,2024,168.12310349941254
2,16,7,2024,172.00856339931488
2,16,8,2024,181.5018607378006
2,16,9,2024,173.07167184352875
2,16,10,2024,173.0355693101883
2,16,11,2024,173.34312331676483
2,16,12,2024,170.7229686975479
2,17,1,2024,209.82877326011658
2,17,2,2024,177.1113057732582
2,17,3,2024,171.62369167804718
2,17,4,2024,176.9989640712738
2,17,5,2024,171.73376029729843
2,17,6,2024,176.89115500450134
2,17,7,2024,171.83937746286392
2,17,8,2024,176.7877026796341
2,17,9,2024,171.9407461285591
2,17,10,2024,176.6884041428566
2,17,11,2024,172.03800159692764
2,17,12,2024,176.59315115213394
2,18,1,2024,30.637125939130783
2,18,2,2024,30.89246580004692
2,18,3,2024,30.864871233701706
2,18,4,2024,30.867853850126266
2,18,5,2024,30.867530912160873
2,18,6,2024,30.867564171552658
2,18,7,2024,30.86756095290184
2,18,8,2024,30.86755880713463
2,18,9,2024,30.86756631731987
2,18,10,2024,30.867563098669052
2,18,11,2024,30.867562025785446
2,18,12,2024,30.867564171552658
2,19,1,2024,123.68731975555421
2,19,2,2024,126.87321329116823
2,19,3,2024,121.22413349151613
2,19,4,2024,132.0852088928223
2,19,5,2024,123.72826099395753
2,19,6,2024,126.78658866882326
2,19,7,2024,121.23795223236085
2,19,8,2024,132.0559964179993
2,19,9,2024,123.71422767639162
2,19,10,2024,126.81626892089845
2,19,11,2024,121.21953725814821
2,19,12,2024,132.09495067596438
2,20,1,2024,100.46997863426803
2,20,2,2024,83.68325532972811
2,20,3,2024,86.43778117001055
2,20,4,2024,82.60633499920367
2,20,5,2024,88.79107983410357
2,20,6,2024,89.46265132725237
2,20,7,2024,91.41923339664935
2,20,8,2024,97.11966048087923
2,20,9,2024,89.71370385587214
2,20,10,2024,92.15064469352363
2,20,11,2024,99.25065759196876
2,20,12,2024,83.49945919215678
2,21,1,2024,122.38915723189712
2,21,2,2024,110.74556857347488
2,21,3,2024,92.91376024484634
2,21,4,2024,126.1070516705513
2,21,5,2024,133.3109114766121
2,21,6,2024,105.08832627534866
2,21,7,2024,135.25155836343765
2,21,8,2024,103.75148326158524
2,21,9,2024,129.39708358049393
2,21,10,2024,124.80974227190018
2,21,11,2024,125.43705302476883
2,21,12,2024,129.24441653490067
2,22,1,2024,159.01391488313675
2,22,2,2024,161.58129048347473
2,22,3,2024,162.31248569488525
2,22,4,2024,162.5207335948944
2,22,5,2024,162.5800437927246
2,22,6,2024,162.59695959091187
2,22,7,2024,162.60179829597473
2,22,8,2024,162.6031620502472
2,22,9,2024,162.6035554409027
2,22,10,2024,162.60364723205566
2,22,11,2024,162.60366034507751
2,22,12,2024,162.60368657112122
2,23,1,2024,148.46890425682068
2,23,2,2024,149.47844624519348
2,23,3,2024,149.41504740715027
2,23,4,2024,149.41905999183655
2,23,5,2024,149.41878032684326
2,23,6,2024,149.41880464553833
2,23,7,2024,149.41881680488586
2,23,8,2024,149.41881680488586
2,23,9,2024,149.41881680488586
2,23,10,2024,149.41881680488586
2,23,11,2024,149.41881680488586
2,23,12,2024,149.41881680488586
2,24,1,2024,100.39085999131201
2,24,2,2024,93.84076395630836
2,24,3,2024,97.56267818808556
2,24,4,2024,93.43504148721695
2,24,5,2024,98.12996914982796
2,24,6,2024,93.51644679903984
2,24,7,2024,98.01614451408386
2,24,8,2024,93.50010731816292
2,24,9,2024,98.03898084163666
2,24,10,2024,93.50335279107094
2,24,11,2024,98.03444603085518
2,24,12,2024,93.50271254777908
2,25,1,2024,108.45086878538132
2,25,2,2024,107.89139023423195
2,25,3,2024,107.32141536474228
2,25,4,2024,106.74068945646286
2,25,5,2024,106.1490404009819
2,25,6,2024,105.54624330997467
2,25,7,2024,104.93208706378937
2,25,8,2024,104.30639725923538
2,25,9,2024,103.66892606019974
2,25,10,2024,103.0194393992424
2,25,11,2024,102.35771697759628
2,25,12,2024,101.68355226516724
2,26,1,2024,260.76012778282166
2,26,2,2024,259.966559946537
2,26,3,2024,260.0988513827324
2,26,4,2024,260.07679611444473
2,26,5,2024,260.0804719924927
2,26,6,2024,260.079869389534
2,26,7,2024,260.0799597799778
2,26,8,2024,260.0799597799778
2,26,9,2024,260.0799597799778
2,26,10,2024,260.0799597799778
2,26,11,2024,260.0799597799778
2,26,12,2024,260.0799597799778
2,27,1,2024,59.54820102453231
2,27,2,2024,74.60631853342056
2,27,3,2024,79.29067140817642
2,27,4,2024,67.0096201300621
2,27,5,2024,90.84171599149704
2,27,6,2024,88.24952965974808
2,27,7,2024,91.36612302064896
2,27,8,2024,86.6651559472084
2,27,9,2024,86.21175354719162
2,27,10,2024,84.73673230409622
2,27,11,2024,79.93812865018845
2,27,12,2024,64.3271113038063
2,28,1,2024,106.55218952894211
2,28,2,2024,80.37336558103561
2,28,3,2024,87.42172120511532
2,28,4,2024,81.23719042539597
2,28,5,2024,89.53714345395565
2,28,6,2024,111.50587958097458
2,28,7,2024,81.18132418394089
2,28,8,2024,89.40029881894588
2,28,9,2024,110.7368614077568
2,28,10,2024,78.72506254911423
2,28,11,2024,83.3850672096014
2,28,12,2024,91.80781577527523
2,29,1,2024,101.75683693587781
2,29,2,2024,96.9858354330063
2,29,3,2024,101.7710491269827
2,29,4,2024,96.97158074378969
2,29,5,2024,101.78533671796323
2,29,6,2024,96.95725202560426
2,29,7,2024,101.79971067607404
2,29,8,2024,96.9428341984749
2,29,9,2024,101.81417785584928
2,29,10,2024,96.92832177877428
2,29,11,2024,101.8287314027548
2,29,12,2024,96.9137284755707
2,30,1,2024,44.43237303197384
2,30,2,2024,41.105796322226524
2,30,3,2024,40.93360413610935
2,30,4,2024,40.92470343410969
2,30,5,2024,40.924235716462135
2,30,6,2024,40.92420054972172
2,30,7,2024,40.92421109974384
2,30,8,2024,40.92421109974384
2,30,9,2024,40.92421109974384
2,30,10,2024,40.92421109974384
2,30,11,2024,40.92421109974384
2,30,12,2024,40.92421109974384
2,31,1,2024,15.03258693218231
2,31,2,2024,7.258948922157287
2,31,3,2024,12.601243853569029
2,31,4,2024,6.427197813987731
2,31,5,2024,11.094620585441588
2,31,6,2024,10.82345378398895
2,31,7,2024,11.614698767662047
2,31,8,2024,9.30588376522064
2,31,9,2024,14.719988226890562
2,31,10,2024,6.462688207626342
2,31,11,2024,11.158932089805601
2,31,12,2024,10.635785460472105
2,32,1,2024,66.16750421375036
2,32,2,2024,67.5421124920249
2,32,3,2024,65.98086895793676
2,32,4,2024,67.75406565517187
2,32,5,2024,65.74014868587255
2,32,6,2024,68.02747382968664
2,32,7,2024,65.42963828891516
2,32,8,2024,68.38013138622046
2,32,9,2024,65.02909752726555
2,32,10,2024,68.83507504314184
2,32,11,2024,64.51239177584648
2,32,12,2024,63.73777458071709
2,33,1,2024,67.43434401601553
2,33,2,2024,69.84233774989842
2,33,3,2024,71.14993610233067
2,33,4,2024,71.86000552028416
2,33,5,2024,72.24558129161595
2,33,6,2024,72.45493521541356
2,33,7,2024,71.82376422733067
2,33,8,2024,72.22588958591221
2,33,9,2024,72.44427504390477
2,33,10,2024,71.86556591838597
2,33,11,2024,72.24856712669133
2,33,12,2024,72.45658030360936
3,1,1,2024,121.00114479660986
3,1,2,2024,115.56223079562186
3,1,3,2024,113.04583412408827
3,1,4,2024,111.88157239556311
3,1,5,2024,111.34290447831152
3,1,6,2024,111.09369048476218
3,1,7,2024,110.97837582230567
3,1,8,2024,110.92503216862677
3,1,9,2024,110.90035369992255
3,1,10,2024,110.8889337480068
3,1,11,2024,110.88364866375922
3,1,12,2024,110.88120040297507
3,2,1,2024,62.98358827829361
3,2,2,2024,69.971575319767
3,2,3,2024,60.82330709695816
3,2,4,2024,67.02897781133652
3,2,5,2024,67.36607819795609
3,2,6,2024,66.61652737855911
3,2,7,2024,68.28315836191177
3,2,8,2024,64.57744199037552
3,2,9,2024,64.04553455114365
3,2,10,2024,62.02908879518509
3,2,11,2024,68.73457020521164
3,2,12,2024,63.57376080751419
3,3,1,2024,15.003682494163515
3,3,2,2024,16.57578021287918
3,3,3,2024,17.599547564983368
3,3,4,2024,18.26621848344803
3,3,5,2024,18.70036029815674
3,3,6,2024,18.983070194721222
3,3,7,2024,19.167170703411102
3,3,8,2024,19.287058174610138
3,3,9,2024,19.365125060081482
3,3,10,2024,19.415965676307678
3,3,11,2024,19.449074149131775
3,3,12,2024,19.47062838077545
3,4,1,2024,114.30530327558519
3,4,2,2024,115.38981479406358
3,4,3,2024,115.90001207590105
3,4,4,2024,116.14002257585527
3,4,5,2024,116.25293731689455
3,4,6,2024,116.30606177449228
3,4,7,2024,116.33105012774469
3,4,8,2024,116.34281384944917
3,4,9,2024,116.348341524601
3,4,10,2024,116.35094738006593
3,4,11,2024,116.35217046737672
3,4,12,2024,116.35274294018747
3,5,1,2024,91.76983541250229
3,5,2,2024,72.2240418791771
3,5,3,2024,66.4424437880516
3,5,4,2024,73.19960778951645
3,5,5,2024,70.45580810308456
3,5,6,2024,77.65770381689072
3,5,7,2024,73.70502179861069
3,5,8,2024,72.53502076864243
3,5,9,2024,67.72178596258163
3,5,10,2024,78.29403108358383
3,5,11,2024,70.52420800924301
3,5,12,2024,76.19704073667526
3,6,1,2024,123.36838221549988
3,6,2,2024,124.7824387550354
3,6,3,2024,121.61667656898499
3,6,4,2024,122.36598289012909
3,6,5,2024,123.76276218891144
3,6,6,2024,123.89950561523438
3,6,7,2024,123.59336912631989
3,6,8,2024,124.27873742580414
3,6,9,2024,122.7443494796753
3,6,10,2024,124.46807360649109
3,6,11,2024,122.32047045230865
3,6,12,2024,123.67792069911957
3,7,1,2024,134.34989446029067
3,7,2,2024,139.73985393345356
3,7,3,2024,135.3164878450334
3,7,4,2024,140.49339170753956
3,7,5,2024,134.16555362567306
3,7,6,2024,139.5961824208498
3,7,7,2024,135.53591125831008
3,7,8,2024,140.6644219905138
3,7,9,2024,133.90428930148482
3,7,10,2024,139.39251036942005
3,7,11,2024,135.84698980674148
3,7,12,2024,140.9069083482027
3,8,1,2024,116.01877024769783
3,8,2,2024,112.06276324391365
3,8,3,2024,113.9000292122364
3,8,4,2024,113.04681780934334
3,8,5,2024,113.44298842549324
3,8,6,2024,113.259032279253
3,8,7,2024,113.3445592224598
3,8,8,2024,113.30478385090828
3,8,9,2024,113.32322695851326
3,8,10,2024,113.31471779942513
3,8,11,2024,113.31859639286995
3,8,12,2024,113.31689456105232
3,9,1,2024,95.26083931326866
3,9,2,2024,83.85486063361168
3,9,3,2024,101.61599811911584
3,9,4,2024,98.64896425604822
3,9,5,2024,91.74207219481468
3,9,6,2024,106.15462398529054
3,9,7,2024,105.9501566886902
3,9,8,2024,108.42395162582399
3,9,9,2024,92.46190342307091
3,9,10,2024,101.0763212144375
3,9,11,2024,97.3926704823971
3,9,12,2024,88.81756100058556
3,10,1,2024,99.37667185068132
3,10,2,2024,92.79405581951143
3,10,3,2024,101.45515924692155
3,10,4,2024,94.51531261205675
3,10,5,2024,93.61060309410097
3,10,6,2024,97.733764231205
3,10,7,2024,86.07788032293321
3,10,8,2024,90.00222083926202
3,10,9,2024,100.08122581243516
3,10,10,2024,93.37752383947374
3,10,11,2024,98.7960337996483
3,10,12,2024,91.4473296403885
3,11,1,2024,13.77778872847557
3,11,2,2024,12.889622777700424
3,11,3,2024,15.443975180387497
3,11,4,2024,15.014511913061142
3,11,5,2024,13.314196199178696
3,11,6,2024,14.742757648229599
3,11,7,2024,12.09839877486229
3,11,8,2024,9.740475505590439
3,11,9,2024,15.16156068444252
3,11,10,2024,13.89639076590538
3,11,11,2024,12.41553196310997
3,11,12,2024,12.026518434286118
3,12,1,2024,52.89428687095642
3,12,2,2024,55.984803199768066
3,12,3,2024,57.42240285873413
3,12,4,2024,58.09109306335449
3,12,5,2024,58.907583713531494
3,12,6,2024,63.62111783027649
3,12,7,2024,58.26721525192261
3,12,8,2024,59.92434597015381
3,12,9,2024,58.936038970947266
3,12,10,2024,63.785348892211914
3,12,11,2024,58.61709809303284
3,12,12,2024,61.94418525695801
3,13,1,2024,28.880475983023643
3,13,2,2024,26.998229071497917
3,13,3,2024,28.344550773501396
3,13,4,2024,26.141481921076775
3,13,5,2024,35.30243770778179
3,13,6,2024,29.083114370703697
3,13,7,2024,27.32216815650463
3,13,8,2024,25.968810245394707
3,13,9,2024,36.75843779742718
3,13,10,2024,30.823944196105003
3,13,11,2024,30.10510341823101
3,13,12,2024,28.955950781702995
3,14,1,2024,84.94159081578255
3,14,2,2024,87.83366215229034
3,14,3,2024,69.9897323846817
3,14,4,2024,68.89132249355316
3,14,5,2024,70.92548906803131
3,14,6,2024,67.16457986831665
3,14,7,2024,74.12326872348785
3,14,8,2024,71.71941292285919
3,14,9,2024,68.13879549503326
3,14,10,2024,72.31910562515259
3,14,11,2024,69.03204667568207
3,14,12,2024,70.66487216949463
3,15,1,2024,97.891779884696
3,15,2,2024,97.3254224061966
3,15,3,2024,97.27290911972523
3,15,4,2024,97.26803663372993
3,15,5,2024,97.2675871104002
3,15,6,2024,97.26755242049694
3,15,7,2024,97.26754230260849
3,15,8,2024,97.26754374802113
3,15,9,2024,97.26755242049694
3,15,10,2024,97.26754230260849
3,15,11,2024,97.26754374802113
3,15,12,2024,97.26755242049694
3,16,1,2024,80.73971793055533
3,16,2,2024,78.2041656076908
3,16,3,2024,79.89449504017828
3,16,4,2024,72.89683035016058
3,16,5,2024,86.62944898009299
3,16,6,2024,86.3220968544483
3,16,7,2024,86.00178280472754
3,16,8,2024,85.667972356081
3,16,9,2024,85.32009831070899
3,16,10,2024,84.95754256844519
3,16,11,2024,84.60626533627509
3,16,12,2024,84.26791730523108
3,17,1,2024,116.81487607955931
3,17,2,2024,101.31024828553198
3,17,3,2024,85.8092057108879
3,17,4,2024,110.19322684407233
3,17,5,2024,91.5675580203533
3,17,6,2024,79.71785822510718
3,17,7,2024,103.61360833048819
3,17,8,2024,87.24930468201636
3,17,9,2024,98.40911266207694
3,17,10,2024,83.99540737271307
3,17,11,2024,123.55821961164473
3,17,12,2024,110.61956918239592
3,18,1,2024,16.116355750709772
3,18,2,2024,14.698744118213652
3,18,3,2024,15.109764337539671
3,18,4,2024,14.990592300891874
3,18,5,2024,15.025145113468168
3,18,6,2024,15.015127062797545
3,18,7,2024,15.018034279346464
3,18,8,2024,15.017189383506773
3,18,9,2024,15.017433762550352
3,18,10,2024,15.017360746860502
3,18,11,2024,15.017386078834532
3,18,12,2024,15.017374157905577
3,19,1,2024,84.09978714585306
3,19,2,2024,85.08537128567697
3,19,3,2024,85.32229259610178
3,19,4,2024,85.37923482060434
3,19,5,2024,85.3929333984852
3,19,6,2024,85.39621284604074
3,19,7,2024,85.39705899357797
3,19,8,2024,85.39723423123361
3,19,9,2024,85.39725926518442
3,19,10,2024,85.39728930592538
3,19,11,2024,85.3972742855549
3,19,12,2024,85.39729431271554
3,20,1,2024,52.702605187892914
3,20,2,2024,47.81437984108925
3,20,3,2024,52.202331483364105
3,20,4,2024,48.97363951802254
3,20,5,2024,53.19538249075413
3,20,6,2024,46.67249491810799
3,20,7,2024,51.224175630137324
3,20,8,2024,51.240268325433135
3,20,9,2024,51.20297723822296
3,20,10,2024,51.28939316980541
3,20,11,2024,51.08914559148252
3,20,12,2024,51.55316719226539
3,21,1,2024,51.932482570409775
3,21,2,2024,62.83492836356163
3,21,3,2024,62.59386560320854
3,21,4,2024,62.26154491305351
3,21,5,2024,61.803438633680344
3,21,6,2024,61.171928852796555
3,21,7,2024,60.30137154459953
3,21,8,2024,59.10129150748253
3,21,9,2024,57.44694873690605
3,21,10,2024,55.16640588641167
3,21,11,2024,57.60093006491661
3,21,12,2024,55.378665417432785
3,22,1,2024,86.36461155116558
3,22,2,2024,91.62807762622833
3,22,3,2024,103.34418439865112
3,22,4,2024,91.15443277359009
3,22,5,2024,102.28988456726074
3,22,6,2024,94.89537119865417
3,22,7,2024,110.61695766448975
3,22,8,2024,69.23055481910706
3,22,9,2024,59.51138877868652
3,22,10,2024,67.58633744716644
3,22,11,2024,65.56364554166794
3,22,12,2024,73.00906670093536
3,23,1,2024,112.69259053468703
3,23,2,2024,72.94297921657561
3,23,3,2024,83.50062358379363
3,23,4,2024,115.55682826042174
3,23,5,2024,68.51168143749236
3,23,6,2024,77.9430865049362
3,23,7,2024,89.77157640457152
3,23,8,2024,108.40464192628859
3,23,9,2024,79.57700240612029
3,23,10,2024,91.82075279951094
3,23,11,2024,105.23430961370467
3,23,12,2024,84.48181557655333
3,24,1,2024,52.785653948783875
3,24,2,2024,53.88741332292557
3,24,3,2024,52.887797832489014
3,24,4,2024,53.794741958379745
3,24,5,2024,52.97187852859497
3,24,6,2024,53.71845203638077
3,24,7,2024,53.041092336177826
3,24,8,2024,53.655657052993774
3,24,9,2024,53.098071694374084
3,24,10,2024,53.6039622426033
3,24,11,2024,53.144968777894974
3,24,12,2024,53.56141212582588
3,25,1,2024,53.07481424510479
3,25,2,2024,53.387718603014946
3,25,3,2024,53.63033513724804
3,25,4,2024,53.818450570106506
3,25,5,2024,53.96430744230747
3,25,6,2024,54.07739706337452
3,25,7,2024,54.165083795785904
3,25,8,2024,54.23307308554649
3,25,9,2024,54.28579041361809
3,25,10,2024,54.32666386663914
3,25,11,2024,54.358356326818466
3,25,12,2024,54.38293267786503
3,26,1,2024,131.0282489061356
3,26,2,2024,111.99406602978708
3,26,3,2024,135.90985360741618
3,26,4,2024,118.43421417474748
3,26,5,2024,133.84066051244739
3,26,6,2024,114.05953720211984
3,26,7,2024,137.24102395772937
3,26,8,2024,121.24857535958292
3,26,9,2024,129.28255525231364
3,26,10,2024,115.08010891079904
3,26,11,2024,136.57126444578174
3,26,12,2024,119.83255636692049
3,27,1,2024,36.78379924595356
3,27,2,2024,35.657464757561684
3,27,3,2024,35.937946394085884
3,27,4,2024,35.86809988319874
3,27,5,2024,35.88547791540623
3,27,6,2024,35.88116045296192
3,27,7,2024,35.882234409451485
3,27,8,2024,35.88195116817951
3,27,9,2024,35.88203378021717
3,27,10,2024,35.882006242871284
3,27,11,2024,35.88201607763767
3,27,12,2024,35.882021978497505
3,28,1,2024,49.88703900575638
3,28,2,2024,49.92493921518326
3,28,3,2024,49.89518457651138
3,28,4,2024,49.9185591340065
3,28,5,2024,49.90020090341568
3,28,6,2024,49.91462999582291
3,28,7,2024,49.90327650308609
3,28,8,2024,49.91218858957291
3,28,9,2024,49.90520769357681
3,28,10,2024,49.91067224740982
3,28,11,2024,49.90638071298599
3,28,12,2024,49.90976148843765
3,29,1,2024,47.54853737354278
3,29,2,2024,61.97417271137237
3,29,3,2024,35.99391943216323
3,29,4,2024,55.143692135810845
3,29,5,2024,48.72598993778228
3,29,6,2024,62.361048817634575
3,29,7,2024,41.11367797851562
3,29,8,2024,48.45753586292266
3,29,9,2024,63.35800087451934
3,29,10,2024,57.04759740829467
3,29,11,2024,64.32785475254059
3,29,12,2024,72.54847258329391
3,30,1,2024,27.171080321073532
3,30,2,2024,23.949344158172607
3,30,3,2024,23.871148109436035
3,30,4,2024,24.003524780273438
3,30,5,2024,23.779433727264404
3,30,6,2024,24.15878176689148
3,30,7,2024,23.516611576080322
3,30,8,2024,24.603698015213013
3,30,9,2024,22.763434410095215
3,30,10,2024,25.878708332777023
3,30,11,2024,20.605050086975098
3,30,12,2024,26.470979779958725
3,31,1,2024,6.372957050800323
3,31,2,2024,5.616502702236175
3,31,3,2024,4.703929483890533
3,31,4,2024,5.4744630455970755
3,31,5,2024,4.53257530927658
3,31,6,2024,5.8352442383766165
3,31,7,2024,4.967817485332488
3,31,8,2024,4.9188494086265555
3,31,9,2024,5.0219507813453665
3,31,10,2024,4.808826982975005
3,31,11,2024,5.253599941730498
3,31,12,2024,4.347307741641997
3,32,1,2024,35.79455602169037
3,32,2,2024,40.63572182506323
3,32,3,2024,37.676191471517086
3,32,4,2024,47.433473944664
3,32,5,2024,36.552601002156734
3,32,6,2024,43.50566401332617
3,32,7,2024,37.35592379420996
3,32,8,2024,46.31387221813202
3,32,9,2024,31.859744668006893
3,32,10,2024,36.046013712882996
3,32,11,2024,41.73476233333349
3,32,12,2024,37.553508423268795
3,33,1,2024,37.57619655877352
3,33,2,2024,34.57124641537666
3,33,3,2024,28.604060500860214
3,33,4,2024,49.70095255970955
3,33,5,2024,34.27252581715584
3,33,6,2024,28.796286314725876
3,33,7,2024,49.98997947573662
3,33,8,2024,34.40668550133705
3,33,9,2024,28.709955513477325
3,33,10,2024,49.86017653346062
3,33,11,2024,34.34643551707268
3,33,12,2024,28.74872612953186
4,1,1,2024,6.000320732593536
4,1,2,2024,6.666687846183777
4,1,3,2024,5.971416354179382
4,1,4,2024,6.696845442056656
4,1,5,2024,5.9399508237838745
4,1,6,2024,6.7296759486198425
4,1,7,2024,5.905696511268616
4,1,8,2024,6.765416204929352
4,1,9,2024,5.8684059381484985
4,1,10,2024,6.804323881864548
4,1,11,2024,5.827810883522034
4,1,12,2024,6.838245064020157
4,2,1,2024,3.999999761581421
4,2,2,2024,3.1111107766628265
4,2,3,2024,2.8111115097999573
4,2,4,2024,3.3211103081703186
4,2,5,2024,2.763756960630417
4,2,6,2024,3.401613086462021
4,2,7,2024,2.7996835112571716
4,2,8,2024,3.3405378460884094
4,2,9,2024,2.772427052259445
4,2,10,2024,3.3868736028671265
4,2,11,2024,2.7931056916713715
4,2,12,2024,3.3517202734947205
4,3,1,2024,1.4167093634605408
4,3,2,2024,0.9489541053771973
4,3,3,2024,1.0608646273612976
4,3,4,2024,1.0188599824905396
4,3,5,2024,1.0346260070800781
4,3,6,2024,1.0287083387374878
4,3,7,2024,1.0309295654296875
4,3,8,2024,1.0300959348678589
4,3,9,2024,1.0304086804389954
4,3,10,2024,1.0302913784980774
4,3,11,2024,1.0303353667259216
4,3,12,2024,1.0303189158439636
4,4,1,2024,4.688171535730361
4,4,2,2024,6.4304310604929915
4,4,3,2024,5.5117163956165305
4,4,4,2024,5.81575921177864
4,4,5,2024,5.1136334240436545
4,4,6,2024,6.735051922500133
4,4,7,2024,6.578782729804515
4,4,8,2024,6.024050883948802
4,4,9,2024,4.632624894380569
4,4,10,2024,6.360351137816905
4,4,11,2024,5.269691854715346
4,4,12,2024,6.374667458236217
4,5,1,2024,4.249591648578644
4,5,2,2024,3.073767140507698
4,5,3,2024,3.1311539858579636
4,5,4,2024,3.1038395762443542
4,5,5,2024,3.11684051156044
4,5,6,2024,3.110652230679989
4,5,7,2024,3.1135978996753693
4,5,8,2024,3.1121957302093506
4,5,9,2024,3.112863153219223
4,5,10,2024,3.112545467913151
4,5,11,2024,3.1126966774463654
4,5,12,2024,3.112624727189541
4,6,1,2024,3.956345871090889
4,6,2,2024,8.82010555267334
4,6,3,2024,4.608332768082619
4,6,4,2024,5.937036085873842
4,6,5,2024,3.4955646842718124
4,6,6,2024,7.0691781006753445
4,6,7,2024,5.925995294004679
4,6,8,2024,3.469734326004982
4,6,9,2024,6.971025470644236
4,6,10,2024,5.9145459569990635
4,6,11,2024,3.442950114607811
4,6,12,2024,6.869247946888208
4,7,1,2024,7.442291557788849
4,7,2,2024,5.803004205226898
4,7,3,2024,5.8527016043663025
4,7,4,2024,5.754324853420258
4,7,5,2024,5.949063956737518
4,7,6,2024,5.563561975955963
4,7,7,2024,6.3266960978508
4,7,8,2024,5.953511655330658
4,7,9,2024,5.554764211177826
4,7,10,2024,6.3441097140312195
4,7,11,2024,5.976936757564545
4,7,12,2024,5.508397161960602
4,8,1,2024,4.201114594936371
4,8,2,2024,5.18280553817749
4,8,3,2024,4.456793010234833
4,8,4,2024,4.993718683719635
4,8,5,2024,4.5966339111328125
4,8,6,2024,4.890298008918762
4,8,7,2024,4.673118472099304
4,8,8,2024,4.833734631538391
4,8,9,2024,4.714951038360596
4,8,10,2024,4.802796840667725
4,8,11,2024,4.737830400466919
4,8,12,2024,4.785875976085663
4,9,1,2024,3.200000062584877
4,9,2,2024,5.077634442597628
4,9,3,2024,3.6302999407052994
4,9,4,2024,4.316722869873047
4,9,5,2024,3.667250469326973
4,9,6,2024,4.2513823211193085
4,9,7,2024,3.6671298295259476
4,9,8,2024,4.251595571637154
4,9,9,2024,3.66713048517704
4,9,10,2024,4.251594260334969
4,9,11,2024,3.667130157351494
4,9,12,2024,4.251595079898834
4,10,1,2024,4.85552555322647
4,10,2,2024,3.9841783642768855
4,10,3,2024,4.110565841197967
4,10,4,2024,4.028149753808974
4,10,5,2024,4.0772827565670005
4,10,6,2024,4.045249134302138
4,10,7,2024,4.0644072592258444
4,10,8,2024,4.052319884300231
4,10,9,2024,4.0595897138118735
4,10,10,2024,4.0550800263881674
4,10,11,2024,4.057835549116134
4,10,12,2024,4.056115806102752
4,11,1,2024,3.960728645324707e-05
4,11,2,2024,0.6296784281730652
4,11,3,2024,0.7004438638687134
4,11,4,2024,0.6926595568656921
4,11,5,2024,0.693515807390213
4,11,6,2024,0.6934216618537903
4,11,7,2024,0.6934320330619812
4,11,8,2024,0.6934308707714081
4,11,9,2024,0.6934309601783752
4,11,10,2024,0.6934309601783752
4,11,11,2024,0.6934309601783752
4,11,12,2024,0.6934309601783752
4,12,1,2024,0.9826919138431549
4,12,2,2024,3.654263824224472
4,12,3,2024,4.545970648527145
4,12,4,2024,4.781155318021774
4,12,5,2024,4.688521474599838
4,12,6,2024,4.725007027387619
4,12,7,2024,4.7106368243694305
4,12,8,2024,4.716296285390854
4,12,9,2024,4.714067906141281
4,12,10,2024,4.714945524930954
4,12,11,2024,4.71459898352623
4,12,12,2024,4.714735239744186
4,13,1,2024,3.003667190670967
4,13,2,2024,2.1999592930078506
4,13,3,2024,2.0421640425920486
4,13,4,2024,2.0097081512212753
4,13,5,2024,2.0030324310064316
4,13,6,2024,2.0020327419042587
4,13,7,2024,2.0023912489414215
4,13,8,2024,2.0022626370191574
4,13,9,2024,2.002308741211891
4,13,10,2024,2.002292364835739
4,13,11,2024,2.0022981017827988
4,13,12,2024,2.002295807003975
4,14,1,2024,3.631578505039215
4,14,2,2024,3.9889184832572937
4,14,3,2024,4.191097363829613
4,14,4,2024,4.3696402832865715
4,14,5,2024,4.536974988877773
4,14,6,2024,4.693804822862148
4,14,7,2024,4.84078960865736
4,14,8,2024,4.9785472601652145
4,14,9,2024,5.107106141746044
4,14,10,2024,5.038609229028225
4,14,11,2024,5.099183365702629
4,14,12,2024,5.045615427196026
4,15,1,2024,7.707565361633896
4,15,2,2024,5.833087027072906
4,15,3,2024,7.134543420746922
4,15,4,2024,3.862287372350692
4,15,5,2024,6.628741078078746
4,15,6,2024,5.134028524160384
4,15,7,2024,7.834656847640871
4,15,8,2024,6.340500764548778
4,15,9,2024,5.858751371502875
4,15,10,2024,7.0700151547789565
4,15,11,2024,4.024531513452529
4,15,12,2024,6.782586604356765
4,16,1,2024,5.777752876281738
4,16,2,2024,4.489303082227707
4,16,3,2024,6.518223613500595
4,16,4,2024,3.585943266749382
4,16,5,2024,6.290643811225891
4,16,6,2024,3.797983556985855
4,16,7,2024,6.757708936929703
4,16,8,2024,3.464714393019676
4,16,9,2024,6.023611128330231
4,16,10,2024,4.092745721340179
4,16,11,2024,6.952780365943909
4,16,12,2024,3.6272834837436676
4,17,1,2024,3.273027688264847
4,17,2,2024,3.0944847464561462
4,17,3,2024,3.114666759967804
4,17,4,2024,3.112385183572769
4,17,5,2024,3.112643212080002
4,17,6,2024,3.1126133799552917
4,17,7,2024,3.112617254257202
4,17,8,2024,3.112616866827011
4,17,9,2024,3.112617254257202
4,17,10,2024,3.112616866827011
4,17,11,2024,3.112617254257202
4,17,12,2024,3.112616866827011
4,18,1,2024,0.692007839679718
4,18,2,2024,0.6459566950798035
4,18,3,2024,0.652870237827301
4,18,4,2024,0.6518325209617615
4,18,5,2024,0.6519880890846252
4,18,6,2024,0.6519648432731628
4,18,7,2024,0.6519684195518494
4,18,8,2024,0.6519678235054016
4,18,9,2024,0.6519678235054016
4,18,10,2024,0.6519678235054016
4,18,11,2024,0.6519678235054016
4,18,12,2024,0.6519678235054016
4,19,1,2024,2.6666665077209473
4,19,2,2024,3.134012222290039
4,19,3,2024,2.9461222887039185
4,19,4,2024,3.0216610431671143
4,19,5,2024,2.991291582584381
4,19,6,2024,3.003501296043396
4,19,7,2024,2.998592257499695
4,19,8,2024,3.000566065311432
4,19,9,2024,2.9997724294662476
4,19,10,2024,3.0000916123390198
4,19,11,2024,2.9999634623527527
4,19,12,2024,3.0000147223472595
4,20,1,2024,1.9086032211780548
4,20,2,2024,2.9168004244565964
4,20,3,2024,1.9961774051189423
4,20,4,2024,2.9989120960235596
4,20,5,2024,1.9083632081747055
4,20,6,2024,2.916556030511856
4,20,7,2024,1.9964498579502106
4,20,8,2024,2.998941406607628
4,20,9,2024,1.9083701968193054
4,20,10,2024,2.9165628105401993
4,20,11,2024,1.9964417219161987
4,20,12,2024,2.9989404678344727
4,21,1,2024,1.997960552573204
4,21,2,2024,1.9969370812177658
4,21,3,2024,1.9962088018655777
4,21,4,2024,1.995690181851387
4,21,5,2024,1.9953211396932602
4,21,6,2024,1.9950584918260574
4,21,7,2024,1.9948715716600418
4,21,8,2024,1.9947385787963867
4,21,9,2024,1.9946437627077103
4,21,10,2024,1.9945763796567917
4,21,11,2024,1.9945283979177475
4,21,12,2024,1.9944941848516464
4,22,1,2024,4.874994203448296
4,22,2,2024,4.738827109336853
4,22,3,2024,4.590502440929413
4,22,4,2024,4.4289344400167465
4,22,5,2024,4.252940967679024
4,22,6,2024,4.061233505606651
4,22,7,2024,3.852409288287163
4,22,8,2024,3.6249399930238724
4,22,9,2024,3.377160757780075
4,22,10,2024,3.1550414115190506
4,22,11,2024,3.05437470972538
4,22,12,2024,3.0190642923116684
4,23,1,2024,4.400142639875411
4,23,2,2024,4.295550048351287
4,23,3,2024,4.2773132622241965
4,23,4,2024,4.275588601827621
4,23,5,2024,4.2755571603775016
4,23,6,2024,4.27555701136589
4,23,7,2024,4.27555701136589
4,23,8,2024,4.27555701136589
4,23,9,2024,4.27555701136589
4,23,10,2024,4.27555701136589
4,23,11,2024,4.27555701136589
4,23,12,2024,4.27555701136589
4,24,1,2024,1.8071444928646088
4,24,2,2024,1.6976989209651947
4,24,3,2024,1.668251484632492
4,24,4,2024,1.674919456243515
4,24,5,2024,1.6734095513820648
4,24,6,2024,1.6737510859966278
4,24,7,2024,1.6736745536327362
4,24,8,2024,1.6736918985843658
4,24,9,2024,1.673687607049942
4,24,10,2024,1.6736885011196136
4,24,11,2024,1.6736879646778107
4,24,12,2024,1.673688143491745
4,25,1,2024,1.835526466369629
4,25,2,2024,2.5806484818458557
4,25,3,2024,3.0717670023441315
4,25,4,2024,2.74428853392601
4,25,5,2024,3.008448511362076
4,25,6,2024,2.7953642308712006
4,25,7,2024,2.967248797416687
4,25,8,2024,2.828597992658615
4,25,9,2024,2.9404405653476715
4,25,10,2024,2.850222796201706
4,25,11,2024,2.922996908426285
4,25,12,2024,2.864293873310089
4,26,1,2024,6.233278751373291
4,26,2,2024,7.373365014791489
4,26,3,2024,6.325256109237671
4,26,4,2024,7.420319348573685
4,26,5,2024,6.26419997215271
4,26,6,2024,7.389149874448776
4,26,7,2024,6.304730117321014
4,26,8,2024,7.409840777516365
4,26,9,2024,6.277825027704239
4,26,10,2024,7.396105781197548
4,26,11,2024,6.2956850826740265
4,26,12,2024,7.40522313863039
4,27,1,2024,1.1541561484336853
4,27,2,2024,2.7563985139131546
4,27,3,2024,1.7514945566654205
4,27,4,2024,2.6083262264728546
4,27,5,2024,1.912097990512848
4,27,6,2024,2.552592471241951
4,27,7,2024,1.972548007965088
4,27,8,2024,2.516513407230377
4,27,9,2024,2.011680096387863
4,27,10,2024,2.4931574016809464
4,27,11,2024,2.0370130240917206
4,27,12,2024,2.4780379235744476
4,28,1,2024,2.005201578140259
4,28,2,2024,4.23391717672348
4,28,3,2024,2.2391592264175415
4,28,4,2024,4.112765729427338
4,28,5,2024,2.1179866790771484
4,28,6,2024,4.1755131483078
4,28,7,2024,2.180745005607605
4,28,8,2024,4.14301460981369
4,28,9,2024,2.1482409238815308
4,28,10,2024,4.159846365451813
4,28,11,2024,2.165075182914734
4,28,12,2024,4.151129186153412
4,29,1,2024,2.1111132502555847
4,29,2,2024,2.0884119868278503
4,29,3,2024,2.0930500626564026
4,29,4,2024,2.0921026468276978
4,29,5,2024,2.09229639172554
4,29,6,2024,2.092256724834442
4,29,7,2024,2.0922645926475525
4,29,8,2024,2.092262953519821
4,29,9,2024,2.0922632813453674
4,29,10,2024,2.0922636091709137
4,29,11,2024,2.092262953519821
4,29,12,2024,2.0922632813453674
4,30,1,2024,1.1542299389839172
4,30,2,2024,1.5687274932861328
4,30,3,2024,2.1323264241218567
4,30,4,2024,2.497699022293091
4,30,5,2024,1.8671265542507172
4,30,6,2024,2.5380643904209137
4,30,7,2024,1.7974624931812286
4,30,8,2024,2.4433411359786987
4,30,9,2024,1.960939198732376
4,30,10,2024,2.6656229570508003
4,30,11,2024,1.577317476272583
4,30,12,2024,2.1440064311027527
4,31,1,2024,0.43731898069381714
4,31,2,2024,0.3202412724494934
4,31,3,2024,0.35812389850616455
4,31,4,2024,0.34586626291275024
4,31,5,2024,0.3498324751853943
4,31,6,2024,0.34854912757873535
4,31,7,2024,0.3489643931388855
4,31,8,2024,0.348829984664917
4,31,9,2024,0.3488735556602478
4,31,10,2024,0.34885942935943604
4,31,11,2024,0.34886395931243896
4,31,12,2024,0.3488624691963196
4,32,1,2024,1.0000009834766388
4,32,2,2024,1.5333344787359238
4,32,3,2024,1.6896792501211166
4,32,4,2024,1.733480915427208
4,32,5,2024,1.7457524687051773
4,32,6,2024,1.7491904646158218
4,32,7,2024,1.7501536756753922
4,32,8,2024,1.7504234611988068
4,32,9,2024,1.7504990845918655
4,32,10,2024,1.7505202442407608
4,32,11,2024,1.7505261301994324
4,32,12,2024,1.7505278438329697
4,33,1,2024,1.8750037550926208
4,33,2,2024,2.4076844304800034
4,33,3,2024,2.1626821160316467
4,33,4,2024,2.2834503203630447
4,33,5,2024,2.2239203453063965
4,33,6,2024,2.253264293074608
4,33,7,2024,2.2387999892234802
4,33,8,2024,2.2459298372268677
4,33,9,2024,2.2424152493476868
4,33,10,2024,2.244147688150406
4,33,11,2024,2.2432937622070312
4,33,12,2024,2.243714690208435
5,1,1,2024,12.346096992492676
5,1,2,2024,16.745911717414856
5,1,3,2024,15.722191333770752
5,1,4,2024,14.207416355609894
5,1,5,2024,8.595719933509827
5,1,6,2024,8.213153779506683
5,1,7,2024,8.822290301322937
5,1,8,2024,7.85239839553833
5,1,9,2024,9.3966726064682
5,1,10,2024,9.823837757110596
5,1,11,2024,12.175819993019104
5,1,12,2024,16.46314775943756
5,2,1,2024,13.685705721378325
5,2,2,2024,14.338103890419005
5,2,3,2024,12.983890295028685
5,2,4,2024,15.794882416725157
5,2,5,2024,9.960003972053526
5,2,6,2024,13.377611160278319
5,2,7,2024,14.977622270584105
5,2,8,2024,11.656421542167662
5,2,9,2024,18.550359964370728
5,2,10,2024,14.083367645740507
5,2,11,2024,13.512656986713408
5,2,12,2024,14.697304248809813
5,3,1,2024,4.857158260419965
5,3,2,2024,3.543955385684967
5,3,3,2024,2.247686982154846
5,3,4,2024,1.2890005111694336
5,3,5,2024,4.041019603610039
5,3,6,2024,3.5030795633792877
5,3,7,2024,2.135143280029297
5,3,8,2024,1.6120702028274536
5,3,9,2024,3.113611191511154
5,3,10,2024,1.0628196597099304
5,3,11,2024,4.690297432243824
5,3,12,2024,3.532935082912445
5,4,1,2024,14.283094882965088
5,4,2,2024,19.038107335567474
5,4,3,2024,14.444809198379517
5,4,4,2024,18.83122342824936
5,4,5,2024,14.073704242706299
5,4,6,2024,19.268177688121796
5,4,7,2024,14.857508897781372
5,4,8,2024,18.303262412548065
5,4,9,2024,13.895137071609497
5,4,10,2024,19.381816804409027
5,4,11,2024,15.061357021331787
5,4,12,2024,18.042480409145355
5,5,1,2024,11.23082771897316
5,5,2,2024,11.251518040895462
5,5,3,2024,11.250961691141129
5,5,4,2024,11.250977963209152
5,5,5,2024,11.250974863767624
5,5,6,2024,11.250975638628006
5,5,7,2024,11.250978738069534
5,5,8,2024,11.250974863767624
5,5,9,2024,11.250975638628006
5,5,10,2024,11.250978738069534
5,5,11,2024,11.250974863767624
5,5,12,2024,11.250975638628006
5,6,1,2024,15.102374285459518
5,6,2,2024,17.708276003599167
5,6,3,2024,20.93830805271864
5,6,4,2024,15.434278905391693
5,6,5,2024,18.119674682617188
5,6,6,2024,20.981751315295696
5,6,7,2024,15.363169491291046
5,6,8,2024,18.031532049179077
5,6,9,2024,21.21974229067564
5,6,10,2024,14.973609745502472
5,6,11,2024,17.54867449402809
5,6,12,2024,20.74048077315092
5,7,1,2024,20.561062544584274
5,7,2,2024,17.523847311735153
5,7,3,2024,18.360333651304245
5,7,4,2024,20.605976790189743
5,7,5,2024,17.460970133543015
5,7,6,2024,17.921652287244797
5,7,7,2024,20.642801493406296
5,7,8,2024,17.409376829862595
5,7,9,2024,17.561667650938034
5,7,10,2024,18.624239414930344
5,7,11,2024,20.236402243375778
5,7,12,2024,17.978548735380173
5,8,1,2024,23.118918240070343
5,8,2,2024,31.131604239344597
5,8,3,2024,16.105283498764038
5,8,4,2024,23.282227218151093
5,8,5,2024,32.990287467837334
5,8,6,2024,18.09836983680725
5,8,7,2024,21.745758056640625
5,8,8,2024,19.069228172302246
5,8,9,2024,20.99732220172882
5,8,10,2024,20.066995918750763
5,8,11,2024,20.273951590061188
5,8,12,2024,20.227912068367004
5,9,1,2024,13.706846922636032
5,9,2,2024,11.122760742902756
5,9,3,2024,6.238905906677246
5,9,4,2024,12.186013728380203
5,9,5,2024,8.248424053192139
5,9,6,2024,10.046888768672943
5,9,7,2024,12.225468844175339
5,9,8,2024,8.32299518585205
5,9,9,2024,9.88156470656395
5,9,10,2024,12.319602966308594
5,9,11,2024,8.500907748937607
5,9,12,2024,10.054870009422302
5,10,1,2024,10.6385555267334
5,10,2,2024,10.654115200042726
5,10,3,2024,10.654495716094972
5,10,4,2024,10.654505014419557
5,10,5,2024,10.65450429916382
5,10,6,2024,10.65450429916382
5,10,7,2024,10.65450429916382
5,10,8,2024,10.65450429916382
5,10,9,2024,10.65450429916382
5,10,10,2024,10.65450429916382
5,10,11,2024,10.65450429916382
5,10,12,2024,10.65450429916382
5,11,1,2024,2.592909723520279
5,11,2,2024,1.9917463064193726
5,11,3,2024,2.218620628118515
5,11,4,2024,2.132990449666977
5,11,5,2024,2.165307968854904
5,11,6,2024,2.1531122624874115
5,11,7,2024,2.1577148735523224
5,11,8,2024,2.155977040529251
5,11,9,2024,2.1566309332847595
5,11,10,2024,2.1563949584960938
5,11,11,2024,2.1564743518829346
5,11,12,2024,2.156453400850296
5,12,1,2024,7.7437811493873605
5,12,2,2024,13.821842238307
5,12,3,2024,16.976424675434828
5,12,4,2024,13.916767850518227
5,12,5,2024,17.26796794310212
5,12,6,2024,13.713484719395638
5,12,7,2024,16.643631268292665
5,12,8,2024,13.738831594586372
5,12,9,2024,16.72147735580802
5,12,10,2024,13.79795716702938
5,12,11,2024,16.903067748993635
5,12,12,2024,13.93587113916874
5,13,1,2024,13.69434130191803
5,13,2,2024,12.594982028007507
5,13,3,2024,8.814460128545761
5,13,4,2024,2.5899808406829834
5,13,5,2024,3.8483009040355682
5,13,6,2024,5.731768473982811
5,13,7,2024,6.786073338240385
5,13,8,2024,4.49785515666008
5,13,9,2024,6.114137038588524
5,13,10,2024,6.42540417611599
5,13,11,2024,5.53416882455349
5,13,12,2024,6.678464066237211
5,14,1,2024,9.959323972463606
5,14,2,2024,7.031266450881957
5,14,3,2024,12.150208562612532
5,14,4,2024,7.669780701398849
5,14,5,2024,8.867973834276198
5,14,6,2024,6.985528886318206
5,14,7,2024,12.186323732137678
5,14,8,2024,7.680305153131484
5,14,9,2024,8.813851803541182
5,14,10,2024,6.996487915515899
5,14,11,2024,12.180539876222609
5,14,12,2024,7.678620308637618
5,15,1,2024,31.007412746548656
5,15,2,2024,24.034721568226814
5,15,3,2024,34.45291781425476
5,15,4,2024,27.924711123108864
5,15,5,2024,24.690997794270515
5,15,6,2024,28.640868976712227
5,15,7,2024,24.393534258008003
5,15,8,2024,31.27522845566273
5,15,9,2024,24.97189851105213
5,15,10,2024,26.153168752789497
5,15,11,2024,25.42686267197132
5,15,12,2024,25.72855420410633
5,16,1,2024,10.64167547225952
5,16,2,2024,14.100323200225828
5,16,3,2024,10.909753322601317
5,16,4,2024,13.853023529052733
5,16,5,2024,11.137885332107542
5,16,6,2024,13.642572641372679
5,16,7,2024,11.332022428512571
5,16,8,2024,13.463483929634092
5,16,9,2024,11.497232198715208
5,16,10,2024,13.311080217361448
5,16,11,2024,11.637822866439818
5,16,12,2024,13.181385874748228
5,17,1,2024,5.004867315292358
5,17,2,2024,7.251669645309448
5,17,3,2024,15.750889778137207
5,17,4,2024,7.598009467124939
5,17,5,2024,14.68549919128418
5,17,6,2024,12.906874299049377
5,17,7,2024,11.362105965614319
5,17,8,2024,5.497576713562012
5,17,9,2024,8.118154525756836
5,17,10,2024,12.98811674118042
5,17,11,2024,11.670531213283539
5,17,12,2024,6.668474435806274
5,18,1,2024,0.49991628527641296
5,18,2,2024,2.233922839164734
5,18,3,2024,1.2128348350524902
5,18,4,2024,1.515014111995697
5,18,5,2024,1.4817976355552673
5,18,6,2024,1.4854489266872406
5,18,7,2024,1.4850473999977112
5,18,8,2024,1.4850913882255554
5,18,9,2024,1.48508682847023
5,18,10,2024,1.485087364912033
5,18,11,2024,1.4850870966911316
5,18,12,2024,1.485087364912033
5,19,1,2024,7.335248112678527
5,19,2,2024,11.370686769485474
5,19,3,2024,4.728804945945739
5,19,4,2024,7.904147252440452
5,19,5,2024,10.289801716804504
5,19,6,2024,5.540922164916991
5,19,7,2024,6.268449455499648
5,19,8,2024,8.849260568618774
5,19,9,2024,8.408461093902588
5,19,10,2024,9.285916090011597
5,19,11,2024,7.539256453514098
5,19,12,2024,11.016153037548065
5,20,1,2024,6.519627690315246
5,20,2,2024,11.915326125919817
5,20,3,2024,6.71976339817047
5,20,4,2024,11.281926304101942
5,20,5,2024,6.323606491088866
5,20,6,2024,12.535703487694262
5,20,7,2024,7.107776224613189
5,20,8,2024,10.053923696279524
5,20,9,2024,6.294780492782592
5,20,10,2024,12.626933723688124
5,20,11,2024,7.164834558963775
5,20,12,2024,9.873341739177702
5,21,1,2024,9.498305559158325
5,21,2,2024,5.502186298370361
5,21,3,2024,5.067906379699707
5,21,4,2024,5.155666828155518
5,21,5,2024,5.1240458488464355
5,21,6,2024,5.135443210601807
5,21,7,2024,5.1313300132751465
5,21,8,2024,5.13281774520874
5,21,9,2024,5.132279872894287
5,21,10,2024,5.132471561431885
5,21,11,2024,5.13240385055542
5,21,12,2024,5.1324286460876465
5,22,1,2024,10.972719192504885
5,22,2,2024,11.198018074035646
5,22,3,2024,11.223759651184084
5,22,4,2024,11.226693630218508
5,22,5,2024,11.227030754089357
5,22,6,2024,11.227047443389894
5,22,7,2024,11.227057456970217
5,22,8,2024,11.227074146270754
5,22,9,2024,11.227067470550539
5,22,10,2024,11.227064132690431
5,22,11,2024,11.227080821990969
5,22,12,2024,11.227060794830324
5,23,1,2024,11.789650946855545
5,23,2,2024,15.433995630592108
5,23,3,2024,13.73664604127407
5,23,4,2024,17.264532789587975
5,23,5,2024,9.351761519908905
5,23,6,2024,11.78963389992714
5,23,7,2024,15.433871056884527
5,23,8,2024,13.737101063132286
5,23,9,2024,17.267411097884178
5,23,10,2024,9.355802953243256
5,23,11,2024,11.784780770540237
5,23,12,2024,15.398955013602972
5,24,1,2024,6.886840894818306
5,24,2,2024,7.17196948826313
5,24,3,2024,7.263640835881233
5,24,4,2024,7.293113067746162
5,24,5,2024,7.302589252591133
5,24,6,2024,7.30563922226429
5,24,7,2024,7.306620076298714
5,24,8,2024,7.306932166218758
5,24,9,2024,7.307035520672798
5,24,10,2024,7.307069972157478
5,24,11,2024,7.307074025273323
5,24,12,2024,7.307084158062935
5,25,1,2024,8.258323192596437
5,25,2,2024,9.61814294755459
5,25,3,2024,7.30277442932129
5,25,4,2024,9.298872098326685
5,25,5,2024,8.094491720199587
5,25,6,2024,9.563404425978662
5,25,7,2024,7.4385178089141855
5,25,8,2024,9.344220742583277
5,25,9,2024,7.982038497924806
5,25,10,2024,9.525827750563623
5,25,11,2024,7.531695604324342
5,25,12,2024,9.375357970595362
5,26,1,2024,24.508974462747574
5,26,2,2024,33.09616005420685
5,26,3,2024,16.064047425985336
5,26,4,2024,12.05216324329376
5,26,5,2024,13.36585199832916
5,26,6,2024,20.782850593328476
5,26,7,2024,13.180178761482237
5,26,8,2024,22.67388841509819
5,26,9,2024,27.57122477889061
5,26,10,2024,25.50952872633934
5,26,11,2024,30.617283940315247
5,26,12,2024,18.897575944662094
5,27,1,2024,6.6006925739347935
5,27,2,2024,5.155867710709572
5,27,3,2024,6.016257230192423
5,27,4,2024,5.749373618513346
5,27,5,2024,5.8354234136641026
5,27,6,2024,5.809208337217569
5,27,7,2024,5.817190948873758
5,27,8,2024,5.814759436994791
5,27,9,2024,5.815503302961588
5,27,10,2024,5.815278593450785
5,27,11,2024,5.815346781164408
5,27,12,2024,5.815321985632181
5,28,1,2024,10.662104964256287
5,28,2,2024,8.312832474708557
5,28,3,2024,8.189135432243347
5,28,4,2024,7.712092041969299
5,28,5,2024,7.475896000862122
5,28,6,2024,7.870019793510437
5,28,7,2024,7.212373614311218
5,28,8,2024,8.309741497039795
5,28,9,2024,8.177215695381165
5,28,10,2024,7.666122198104858
5,28,11,2024,7.552605390548706
5,28,12,2024,7.742020130157471
5,29,1,2024,6.0557292848825455
5,29,2,2024,6.031143233180046
5,29,3,2024,6.04198981821537
5,29,4,2024,6.037204995751381
5,29,5,2024,6.039314940571785
5,29,6,2024,6.038384512066841
5,29,7,2024,6.038795486092567
5,29,8,2024,6.038613989949226
5,29,9,2024,6.038693681359291
5,29,10,2024,6.038658633828163
5,29,11,2024,6.038674280047417
5,29,12,2024,6.038667604327202
5,30,1,2024,3.1266264989972115
5,30,2,2024,3.451780177652836
5,30,3,2024,3.54562234133482
5,30,4,2024,3.5727058425545692
5,30,5,2024,3.5805225372314453
5,30,6,2024,3.5827784091234207
5,30,7,2024,3.583429552614689
5,30,8,2024,3.5836174115538597
5,30,9,2024,3.5836717560887337
5,30,10,2024,3.5836871936917305
5,30,11,2024,3.58369167894125
5,30,12,2024,3.5836930349469185
5,31,1,2024,0.8217726945877075
5,31,2,2024,1.3897186517715454
5,31,3,2024,1.2256475687026978
5,31,4,2024,1.3404854536056519
5,31,5,2024,1.260107159614563
5,31,6,2024,1.3163663148880005
5,31,7,2024,1.2769886255264282
5,31,8,2024,1.3045506477355957
5,31,9,2024,1.2852587699890137
5,31,10,2024,1.2987620830535889
5,31,11,2024,1.2893106937408447
5,31,12,2024,1.2959257364273071
5,32,1,2024,5.834034293889999
5,32,2,2024,7.186077922582626
5,32,3,2024,6.866500228643417
5,32,4,2024,7.0591000020504
5,32,5,2024,6.9430268704891205
5,32,6,2024,7.0129803121089935
5,32,7,2024,6.970821708440781
5,32,8,2024,6.996229022741318
5,32,9,2024,6.980915397405624
5,32,10,2024,6.990145057439804
5,32,11,2024,6.984584659337997
5,32,12,2024,6.987934917211533
5,33,1,2024,6.16295811533928
5,33,2,2024,5.844937175512315
5,33,3,2024,5.670825868844987
5,33,4,2024,5.370140314102174
5,33,5,2024,4.850863575935365
5,33,6,2024,4.022802352905274
5,33,7,2024,3.6256626844406132
5,33,8,2024,4.598187685012818
5,33,9,2024,3.7537188529968266
5,33,10,2024,4.27613914012909
5,33,11,2024,3.5996645689010625
5,33,12,2024,4.663570284843446
6,1,1,2024,1.307690441608429
6,1,2,2024,1.1409114301204681
6,1,3,2024,1.056186705827713
6,1,4,2024,1.0162043571472168
6,1,5,2024,1.0041265189647675
6,1,6,2024,1.0008752346038818
6,1,7,2024,1.0000723600387573
6,1,8,2024,1.0000044107437134
6,1,9,2024,0.9999988973140717
6,1,10,2024,0.9999983012676239
6,1,11,2024,0.9999983012676239
6,1,12,2024,0.9999983012676239
6,2,1,2024,0.5999981760978699
6,2,2,2024,0.6450600028038025
6,2,3,2024,0.6480574607849121
6,2,4,2024,0.6482568383216858
6,2,5,2024,0.6482700705528259
6,2,6,2024,0.6482709646224976
6,2,7,2024,0.6482710540294647
6,2,8,2024,0.6482710540294647
6,2,9,2024,0.6482710540294647
6,2,10,2024,0.6482710540294647
6,2,11,2024,0.6482710540294647
6,2,12,2024,0.6482710540294647
6,3,1,2024,0.1428450345993042
6,3,2,2024,0.14698898792266846
6,3,3,2024,0.14669251441955566
6,3,4,2024,0.14671367406845093
6,3,5,2024,0.14671218395233154
6,3,6,2024,0.14671236276626587
6,3,7,2024,0.14671224355697632
6,3,8,2024,0.1467123031616211
6,3,9,2024,0.1467123031616211
6,3,10,2024,0.1467123031616211
6,3,11,2024,0.1467123031616211
6,3,12,2024,0.1467123031616211
6,4,1,2024,1.0000028014183044
6,4,2,2024,0.7058858871459961
6,4,3,2024,0.7881666421890259
6,4,4,2024,0.7634742259979248
6,4,5,2024,0.7708845138549805
6,4,6,2024,0.7686605453491211
6,4,7,2024,0.7693279981613159
6,4,8,2024,0.7691278457641602
6,4,9,2024,0.7691878080368042
6,4,10,2024,0.769169807434082
6,4,11,2024,0.7691752910614014
6,4,12,2024,0.7691736221313477
6,5,1,2024,0.9999719113111496
6,5,2,2024,0.9999777227640152
6,5,3,2024,0.9999765604734421
6,5,4,2024,0.99997678399086
6,5,5,2024,0.9999766945838928
6,5,6,2024,0.99997678399086
6,5,7,2024,0.9999766945838928
6,5,8,2024,0.99997678399086
6,5,9,2024,0.9999766945838928
6,5,10,2024,0.99997678399086
6,5,11,2024,0.9999766945838928
6,5,12,2024,0.99997678399086
6,6,1,2024,1.5000605583190918
6,6,2,2024,2.0299017429351807
6,6,3,2024,2.772262543439865
6,6,4,2024,2.553592175245285
6,6,5,2024,2.724367529153824
6,6,6,2024,2.5999073684215546
6,6,7,2024,2.707424908876419
6,6,8,2024,2.6162903010845184
6,6,9,2024,2.701433151960373
6,6,10,2024,2.6220838725566864
6,6,11,2024,2.6988135278224945
6,6,12,2024,2.6246170699596405
6,7,1,2024,1.2857150435447693
6,7,2,2024,1.258175253868103
6,7,3,2024,1.2600889801979065
6,7,4,2024,1.2599560022354126
6,7,5,2024,1.2599652409553528
6,7,6,2024,1.2599645853042603
6,7,7,2024,1.2599645853042603
6,7,8,2024,1.2599645853042603
6,7,9,2024,1.2599645853042603
6,7,10,2024,1.2599645853042603
6,7,11,2024,1.2599645853042603
6,7,12,2024,1.2599645853042603
6,8,1,2024,0.30145204067230225
6,8,2,2024,0.3704698085784912
6,8,3,2024,0.38432633876800537
6,8,4,2024,0.3871082067489624
6,8,5,2024,0.38766682147979736
6,8,6,2024,0.38777899742126465
6,8,7,2024,0.3878014087677002
6,8,8,2024,0.3878058195114136
6,8,9,2024,0.38780665397644043
6,8,10,2024,0.38780689239501953
6,8,11,2024,0.38780689239501953
6,8,12,2024,0.38780689239501953
6,9,1,2024,0.8750154972076416
6,9,2,2024,1.0969802737236023
6,9,3,2024,1.1062938570976257
6,9,4,2024,1.1059463620185852
6,9,5,2024,1.1059593558311462
6,9,6,2024,1.105958878993988
6,9,7,2024,1.105958878993988
6,9,8,2024,1.105958878993988
6,9,9,2024,1.105958878993988
6,9,10,2024,1.105958878993988
6,9,11,2024,1.105958878993988
6,9,12,2024,1.105958878993988
6,10,1,2024,0.5500012636184692
6,10,2,2024,0.7753239870071411
6,10,3,2024,0.6605110466480255
6,10,4,2024,0.7181008458137512
6,10,5,2024,0.6892702281475067
6,10,6,2024,0.7037598788738251
6,10,7,2024,0.6964775919914246
6,10,8,2024,0.7001375555992126
6,10,9,2024,0.6982980966567993
6,10,10,2024,0.6992226541042328
6,10,11,2024,0.6987580060958862
6,10,12,2024,0.6989915370941162
6,11,1,2024,1.0311603546142578e-05
6,11,2,2024,0.14287081360816956
6,11,3,2024,0.17115631699562073
6,11,4,2024,0.17176970839500427
6,11,5,2024,0.1717696487903595
6,11,6,2024,0.1717696487903595
6,11,7,2024,0.1717696487903595
6,11,8,2024,0.1717696487903595
6,11,9,2024,0.1717696487903595
6,11,10,2024,0.1717696487903595
6,11,11,2024,0.1717696487903595
6,11,12,2024,0.1717696487903595
6,12,1,2024,1.0000007897615433
6,12,2,2024,0.4285726547241211
6,12,3,2024,0.3883504271507263
6,12,4,2024,0.3854455053806305
6,12,5,2024,0.38523557782173157
6,12,6,2024,0.38522037863731384
6,12,7,2024,0.3852193057537079
6,12,8,2024,0.3852193057537079
6,12,9,2024,0.3852193057537079
6,12,10,2024,0.3852193057537079
6,12,11,2024,0.3852193057537079
6,12,12,2024,0.3852193057537079
6,13,1,2024,0.16611063480377197
6,13,2,2024,0.2538710832595825
6,13,3,2024,0.24481523036956787
6,13,4,2024,0.24581193923950195
6,13,5,2024,0.24570226669311523
6,13,6,2024,0.2457142472267151
6,13,7,2024,0.2457129955291748
6,13,8,2024,0.24571311473846436
6,13,9,2024,0.24571311473846436
6,13,10,2024,0.24571311473846436
6,13,11,2024,0.24571311473846436
6,13,12,2024,0.24571311473846436
6,14,1,2024,0.6421232223510742
6,14,2,2024,0.7529598474502563
6,14,3,2024,0.776309609413147
6,14,4,2024,0.7811681032180786
6,14,5,2024,0.7821789979934692
6,14,6,2024,0.7823892831802368
6,14,7,2024,0.782433032989502
6,14,8,2024,0.7824420928955078
6,14,9,2024,0.7824441194534302
6,14,10,2024,0.7824444770812988
6,14,11,2024,0.7824445962905884
6,14,12,2024,0.7824445962905884
6,15,1,2024,0.3547949194908142
6,15,2,2024,0.39250069856643677
6,15,3,2024,0.3951777219772339
6,15,4,2024,0.3953678011894226
6,15,5,2024,0.39538130164146423
6,15,6,2024,0.39538219571113586
6,15,7,2024,0.395382285118103
6,15,8,2024,0.3953823745250702
6,15,9,2024,0.395382285118103
6,15,10,2024,0.3953823745250702
6,15,11,2024,0.395382285118103
6,15,12,2024,0.3953823745250702
6,16,1,2024,0.8324919641017914
6,16,2,2024,0.5225978493690491
6,16,3,2024,0.5957855880260468
6,16,4,2024,0.5764989852905273
6,16,5,2024,0.5815814137458801
6,16,6,2024,0.5802420973777771
6,16,7,2024,0.5805949866771698
6,16,8,2024,0.5805020034313202
6,16,9,2024,0.58052659034729
6,16,10,2024,0.5805200636386871
6,16,11,2024,0.5805217623710632
6,16,12,2024,0.5805213153362274
6,17,1,2024,0.7891689538955688
6,17,2,2024,0.2353602647781372
6,17,3,2024,0.6240073442459106
6,17,4,2024,0.3512660264968872
6,17,5,2024,0.5426678657531738
6,17,6,2024,0.4083477258682251
6,17,7,2024,0.5026096105575562
6,17,8,2024,0.43645942211151123
6,17,9,2024,0.4828815460205078
6,17,10,2024,0.45030391216278076
6,17,11,2024,0.4731658697128296
6,17,12,2024,0.4571220874786377
6,18,1,2024,0.06723493337631226
6,18,2,2024,0.06266885995864868
6,18,3,2024,0.06297928094863892
6,18,4,2024,0.0629582405090332
6,18,5,2024,0.06295973062515259
6,18,6,2024,0.06295955181121826
6,18,7,2024,0.06295955181121826
6,18,8,2024,0.06295955181121826
6,18,9,2024,0.06295955181121826
6,18,10,2024,0.06295955181121826
6,18,11,2024,0.06295955181121826
6,18,12,2024,0.06295955181121826
6,19,1,2024,1.054369032382965
6,19,2,2024,1.0605520606040955
6,19,3,2024,1.061255156993866
6,19,4,2024,1.061335265636444
6,19,5,2024,1.0613442063331604
6,19,6,2024,1.0613452792167664
6,19,7,2024,1.0613454580307007
6,19,8,2024,1.0613454580307007
6,19,9,2024,1.0613454580307007
6,19,10,2024,1.0613454580307007
6,19,11,2024,1.0613454580307007
6,19,12,2024,1.0613454580307007
6,20,1,2024,0.3077150881290436
6,20,2,2024,0.501375675201416
6,20,3,2024,0.43453171849250793
6,20,4,2024,0.45766228437423706
6,20,5,2024,0.44965821504592896
6,20,6,2024,0.45242786407470703
6,20,7,2024,0.45146942138671875
6,20,8,2024,0.4518011212348938
6,20,9,2024,0.4516863226890564
6,20,10,2024,0.4517260193824768
6,20,11,2024,0.451712429523468
6,20,12,2024,0.45171716809272766
6,21,1,2024,0.3333340287208557
6,21,2,2024,0.3855131268501282
6,21,3,2024,0.3809025287628174
6,21,4,2024,0.38124674558639526
6,21,5,2024,0.38122105598449707
6,21,6,2024,0.3812229633331299
6,21,7,2024,0.38122284412384033
6,21,8,2024,0.38122284412384033
6,21,9,2024,0.38122284412384033
6,21,10,2024,0.38122284412384033
6,21,11,2024,0.38122284412384033
6,21,12,2024,0.38122284412384033
6,22,1,2024,1.9929036032408476
6,22,2,2024,0.8996051549911499
6,22,3,2024,1.1618635654449463
6,22,4,2024,1.166299819946289
6,22,5,2024,1.1648682951927185
6,22,6,2024,1.1653302311897278
6,22,7,2024,1.1651811599731445
6,22,8,2024,1.1652292013168335
6,22,9,2024,1.1652138233184814
6,22,10,2024,1.1652188301086426
6,22,11,2024,1.165217101573944
6,22,12,2024,1.1652176976203918
6,23,1,2024,1.0831528902053833
6,23,2,2024,1.1348603665828705
6,23,3,2024,1.167013943195343
6,23,4,2024,1.1870081722736359
6,23,5,2024,1.1994417011737823
6,23,6,2024,1.2071728706359863
6,23,7,2024,1.2119805812835693
6,23,8,2024,1.2149699032306671
6,23,9,2024,1.2168945372104645
6,23,10,2024,1.2182250618934631
6,23,11,2024,1.2191446125507355
6,23,12,2024,1.219780296087265
6,24,1,2024,0.2499968409538269
6,24,2,2024,0.3565964102745056
6,24,3,2024,0.35917967557907104
6,24,4,2024,0.3590990900993347
6,24,5,2024,0.3591015934944153
6,24,6,2024,0.3591015338897705
6,24,7,2024,0.3591015338897705
6,24,8,2024,0.3591015338897705
6,24,9,2024,0.3591015338897705
6,24,10,2024,0.3591015338897705
6,24,11,2024,0.3591015338897705
6,24,12,2024,0.3591015338897705
6,25,1,2024,0.257144033908844
6,25,2,2024,0.3597028851509094
6,25,3,2024,0.3782387375831604
6,25,4,2024,0.3815876245498657
6,25,5,2024,0.38219261169433594
6,25,6,2024,0.382301926612854
6,25,7,2024,0.38232171535491943
6,25,8,2024,0.3823252320289612
6,25,9,2024,0.3823258876800537
6,25,10,2024,0.38232600688934326
6,25,11,2024,0.38232606649398804
6,25,12,2024,0.38232606649398804
6,26,1,2024,0.5986378490924835
6,26,2,2024,0.9174788743257523
6,26,3,2024,1.0782526284456253
6,26,4,2024,1.1184658259153366
6,26,5,2024,1.1220157742500305
6,26,6,2024,1.1223291009664536
6,26,7,2024,1.1223567724227905
6,26,8,2024,1.1223592311143875
6,26,9,2024,1.1223594546318054
6,26,10,2024,1.1223594546318054
6,26,11,2024,1.1223594546318054
6,26,12,2024,1.1223594546318054
6,27,1,2024,0.6428594589233398
6,27,2,2024,0.5184630155563354
6,27,3,2024,0.542424201965332
6,27,4,2024,0.5378087759017944
6,27,5,2024,0.5386977195739746
6,27,6,2024,0.5385264158248901
6,27,7,2024,0.5385594367980957
6,27,8,2024,0.5385531187057495
6,27,9,2024,0.538554310798645
6,27,10,2024,0.5385540723800659
6,27,11,2024,0.5385541915893555
6,27,12,2024,0.5385540723800659
6,28,1,2024,0.556594580411911
6,28,2,2024,0.46753212809562683
6,28,3,2024,0.4512485861778259
6,28,4,2024,0.4482714831829071
6,28,5,2024,0.4477269947528839
6,28,6,2024,0.447627454996109
6,28,7,2024,0.4476092755794525
6,28,8,2024,0.44760584831237793
6,28,9,2024,0.4476052522659302
6,28,10,2024,0.44760510325431824
6,28,11,2024,0.4476052522659302
6,28,12,2024,0.44760510325431824
6,29,1,2024,0.615397572517395
6,29,2,2024,0.48656392097473145
6,29,3,2024,0.44340741634368896
6,29,4,2024,0.42895078659057617
6,29,5,2024,0.4241703748703003
6,29,6,2024,0.42260897159576416
6,29,7,2024,0.4220989942550659
6,29,8,2024,0.4219324588775635
6,29,9,2024,0.42187798023223877
6,29,10,2024,0.42186009883880615
6,29,11,2024,0.4218543767929077
6,29,12,2024,0.4218524694442749
6,30,1,2024,0.26470208168029785
6,30,2,2024,0.4317420721054077
6,30,3,2024,0.5128767490386963
6,30,4,2024,0.5492039322853088
6,30,5,2024,0.5618238151073456
6,30,6,2024,0.5658567845821381
6,30,7,2024,0.567145586013794
6,30,8,2024,0.5675574541091919
6,30,9,2024,0.5676890909671783
6,30,10,2024,0.5677311420440674
6,30,11,2024,0.5677445530891418
6,30,12,2024,0.5677488148212433
6,31,1,2024,0.02174055576324463
6,31,2,2024,0.03420644998550415
6,31,3,2024,0.04135438799858093
6,31,4,2024,0.04545295238494873
6,31,5,2024,0.047803014516830444
6,31,6,2024,0.049150556325912476
6,31,7,2024,0.04992324113845825
6,31,8,2024,0.05036628246307373
6,31,9,2024,0.05062028765678406
6,31,10,2024,0.050765931606292725
6,31,11,2024,0.050849467515945435
6,31,12,2024,0.05089735984802246
6,32,1,2024,0.28948140144348145
6,32,2,2024,0.23289459943771362
6,32,3,2024,0.24686270952224731
6,32,4,2024,0.2434147596359253
6,32,5,2024,0.2442658543586731
6,32,6,2024,0.24405580759048462
6,32,7,2024,0.2441076636314392
6,32,8,2024,0.2440948486328125
6,32,9,2024,0.2440980076789856
6,32,10,2024,0.24409723281860352
6,32,11,2024,0.24409741163253784
6,32,12,2024,0.24409741163253784
6,33,1,2024,0.9287355244159698
6,33,2,2024,0.9106936901807785
6,33,3,2024,0.905882254242897
6,33,4,2024,0.9045990854501724
6,33,5,2024,0.9042569249868393
6,33,6,2024,0.9041656851768494
6,33,7,2024,0.9041413217782974
6,33,8,2024,0.9041348397731781
6,33,9,2024,0.9041330516338348
6,33,10,2024,0.9041326493024826
6,33,11,2024,0.9041325151920319
6,33,12,2024,0.9041324257850647
7,1,1,2024,72.88010278344154
7,1,2,2024,71.83012241125107
7,1,3,2024,95.0815167427063
7,1,4,2024,84.18165115267038
7,1,5,2024,89.97066212445498
7,1,6,2024,73.1998353600502
7,1,7,2024,64.82330405712128
7,1,8,2024,86.95638162642717
7,1,9,2024,84.59946943074465
7,1,10,2024,89.56195426732302
7,1,11,2024,74.74555784463882
7,1,12,2024,58.412667155265815
7,2,1,2024,36.75496435165405
7,2,2,2024,41.58358444273472
7,2,3,2024,34.815083503723145
7,2,4,2024,38.34070348739624
7,2,5,2024,44.23444581031799
7,2,6,2024,41.25947596132755
7,2,7,2024,34.02715992927551
7,2,8,2024,37.023537158966064
7,2,9,2024,42.03254975378513
7,2,10,2024,35.90654140710831
7,2,11,2024,40.16528381407261
7,2,12,2024,31.367116689682007
7,3,1,2024,10.473913252353668
7,3,2,2024,8.32764983177185
7,3,3,2024,9.864884853363037
7,3,4,2024,6.798315048217773
7,3,5,2024,10.417178988456726
7,3,6,2024,8.114914178848267
7,3,7,2024,9.941708326339722
7,3,8,2024,6.563225209712982
7,3,9,2024,10.50207257270813
7,3,10,2024,8.43324077129364
7,3,11,2024,9.82675850391388
7,3,12,2024,6.923031449317932
7,4,1,2024,-10.547919273376465
7,4,2,2024,-1244.7411346435547
7,4,3,2024,-22801.364135742188
7,4,4,2024,-399315.87890625
7,4,5,2024,-6975632.8125
7,4,6,2024,-121839577.5
7,4,7,2024,-2128088070.0
7,4,8,2024,-37169832870.0
7,4,9,2024,-649219583910.0
7,4,10,2024,-11339466669990.0
7,4,11,2024,-198058573823910.0
7,4,12,2024,-3459351041802150.0
7,5,1,2024,42.98174287378788
7,5,2,2024,42.40583850443363
7,5,3,2024,44.732797399163246
7,5,4,2024,42.26217056810856
7,5,5,2024,45.33519198000431
7,5,6,2024,42.78974486887455
7,5,7,2024,43.12305761873722
7,5,8,2024,42.394251838326454
7,5,9,2024,44.781418815255165
7,5,10,2024,42.25818134844303
7,5,11,2024,45.35194446146488
7,5,12,2024,42.81687380373478
7,6,1,2024,74.48472535610199
7,6,2,2024,85.06416304409504
7,6,3,2024,85.33793999254704
7,6,4,2024,86.13118110597134
7,6,5,2024,88.42950782179832
7,6,6,2024,95.08865682780743
7,6,7,2024,85.96833130717278
7,6,8,2024,87.95766687393188
7,6,9,2024,93.72154971957207
7,6,10,2024,89.10865417122841
7,6,11,2024,97.01385660469532
7,6,12,2024,81.54603025317192
7,7,1,2024,70.9933650791645
7,7,2,2024,92.89898404479027
7,7,3,2024,92.82386609911919
7,7,4,2024,92.86509111523628
7,7,5,2024,92.84249982237816
7,7,6,2024,92.85486373305321
7,7,7,2024,92.84811469912529
7,7,8,2024,92.85177674889565
7,7,9,2024,92.84978798031807
7,7,10,2024,92.85085824131966
7,7,11,2024,92.85028317570686
7,7,12,2024,92.85059067606926
7,8,1,2024,77.85890233516693
7,8,2,2024,70.88998261094093
7,8,3,2024,70.11821845173836
7,8,4,2024,68.19734212756157
7,8,5,2024,63.416374057531364
7,8,6,2024,63.64767315983773
7,8,7,2024,63.170220643281944
7,8,8,2024,64.15577474236488
7,8,9,2024,62.12142619490624
7,8,10,2024,66.32064029574394
7,8,11,2024,58.745355933904655
7,8,12,2024,73.28940084576607
7,9,1,2024,71.11508350819349
7,9,2,2024,62.39155475050212
7,9,3,2024,72.38846775144339
7,9,4,2024,58.277200311422355
7,9,5,2024,62.75575827807189
7,9,6,2024,72.25995685905218
7,9,7,2024,57.940613627433784
7,9,8,2024,60.65684374421836
7,9,9,2024,73.0006467178464
7,9,10,2024,59.88071471452714
7,9,11,2024,72.75505784898996
7,9,12,2024,59.23743411898614
7,10,1,2024,55.6648621931672
7,10,2,2024,62.762360967695706
7,10,3,2024,63.478404559195035
7,10,4,2024,63.550627745687954
7,10,5,2024,63.557932235300534
7,10,6,2024,63.558663047850125
7,10,7,2024,63.55873576551675
7,10,8,2024,63.55872849375009
7,10,9,2024,63.558746673166745
7,10,10,2024,63.55873940140008
7,10,11,2024,63.55873940140008
7,10,12,2024,63.55873940140008
7,11,1,2024,10.000001922249794
7,11,2,2024,8.999994680285454
7,11,3,2024,9.999993160367012
7,11,4,2024,9.00002159178257
7,11,5,2024,10.000037804245949
7,11,6,2024,8.999887764453888
7,11,7,2024,9.999814793467522
7,11,8,2024,9.00055606663227
7,11,9,2024,10.000928908586502
7,11,10,2024,8.9972143471241
7,11,11,2024,9.995358854532242
7,11,12,2024,9.01392388343811
7,12,1,2024,41.30849423259497
7,12,2,2024,47.30942936986685
7,12,3,2024,34.28921726346016
7,12,4,2024,42.09858634322882
7,12,5,2024,41.07108732312918
7,12,6,2024,49.40421262383461
7,12,7,2024,46.05993887037039
7,12,8,2024,35.56587293744087
7,12,9,2024,41.38198634237051
7,12,10,2024,46.6609695777297
7,12,11,2024,34.73060491681099
7,12,12,2024,41.42478933185339
7,13,1,2024,16.958444207906723
7,13,2,2024,18.638285249471664
7,13,3,2024,15.605453103780746
7,13,4,2024,13.972551435232162
7,13,5,2024,13.567279070615768
7,13,6,2024,14.247282356023788
7,13,7,2024,15.074498981237411
7,13,8,2024,17.089655727148056
7,13,9,2024,18.888119786977768
7,13,10,2024,15.285595029592514
7,13,11,2024,15.8503597676754
7,13,12,2024,12.534771531820297
7,14,1,2024,48.43765860795974
7,14,2,2024,52.797225773334496
7,14,3,2024,43.557647526264184
7,14,4,2024,49.71657162904739
7,14,5,2024,50.41022664308547
7,14,6,2024,48.8672769665718
7,14,7,2024,52.29939585924148
7,14,8,2024,44.665042221546166
7,14,9,2024,38.844720184803
7,14,10,2024,44.900802433490746
7,14,11,2024,36.53010493516921
7,14,12,2024,47.77269726991653
7,15,1,2024,109.37118977308272
7,15,2,2024,116.33604794740675
7,15,3,2024,109.57664439082144
7,15,4,2024,116.13665279746054
7,15,5,2024,109.77015656232832
7,15,6,2024,115.94884991645812
7,15,7,2024,109.95241963863371
7,15,8,2024,115.77196276187895
7,15,9,2024,110.12408915162085
7,15,10,2024,115.6053568124771
7,15,11,2024,110.28578001260756
7,15,12,2024,115.4484353661537
7,16,1,2024,59.71685387566686
7,16,2,2024,60.66084237396717
7,16,3,2024,58.17104246094823
7,16,4,2024,64.15112943947315
7,16,5,2024,49.35369057953358
7,16,6,2024,61.40037198364735
7,16,7,2024,56.22049333527684
7,16,8,2024,62.66255660355091
7,16,9,2024,52.8914784938097
7,16,10,2024,58.56216527894139
7,16,11,2024,63.70638747513294
7,16,12,2024,50.13833422958851
7,17,1,2024,62.03640328347683
7,17,2,2024,64.62150666490197
7,17,3,2024,65.29223284497857
7,17,4,2024,65.46623811498284
7,17,5,2024,65.51137277856469
7,17,6,2024,65.52309772744775
7,17,7,2024,65.52610883489251
7,17,8,2024,65.5268995501101
7,17,9,2024,65.5271471478045
7,17,10,2024,65.5271631218493
7,17,11,2024,65.5271711088717
7,17,12,2024,65.5271790958941
7,18,1,2024,8.26450139284134
7,18,2,2024,10.516835987567903
7,18,3,2024,7.534474909305573
7,18,4,2024,10.60363441705704
7,18,5,2024,7.616790831089021
7,18,6,2024,10.593845427036287
7,18,7,2024,7.607503950595857
7,18,8,2024,10.594950497150423
7,18,9,2024,7.608563959598542
7,18,10,2024,10.594832479953768
7,18,11,2024,7.608435213565827
7,18,12,2024,10.594843208789827
7,19,1,2024,42.91954019665718
7,19,2,2024,45.66107419133186
7,19,3,2024,45.12705007195473
7,19,4,2024,45.23110273480415
7,19,5,2024,45.21080902218819
7,19,6,2024,45.2147641479969
7,19,7,2024,45.21398702263832
7,19,8,2024,45.21415129303932
7,19,9,2024,45.21411970257759
7,19,10,2024,45.21412602066994
7,19,11,2024,45.21411970257759
7,19,12,2024,45.21412602066994
7,20,1,2024,31.851668000221252
7,20,2,2024,31.842936873435974
7,20,3,2024,31.84297549724579
7,20,4,2024,31.842977643013
7,20,5,2024,31.842973351478577
7,20,6,2024,31.842981934547424
7,20,7,2024,31.84297549724579
7,20,8,2024,31.842977643013
7,20,9,2024,31.842973351478577
7,20,10,2024,31.842981934547424
7,20,11,2024,31.84297549724579
7,20,12,2024,31.842977643013
7,21,1,2024,31.51381734013558
7,21,2,2024,47.19454818218947
7,21,3,2024,48.292057685554035
7,21,4,2024,44.34390428662301
7,21,5,2024,55.10459298081697
7,21,6,2024,49.986882798373706
7,21,7,2024,38.246957808732994
7,21,8,2024,45.28131332993508
7,21,9,2024,55.17470633238555
7,21,10,2024,49.91200471669436
7,21,11,2024,38.51633283495904
7,21,12,2024,45.71532520651818
7,22,1,2024,44.41383250057698
7,22,2,2024,44.99714024364949
7,22,3,2024,45.23779161274434
7,22,4,2024,45.33707208931447
7,22,5,2024,45.3780359774828
7,22,6,2024,45.394933894276626
7,22,7,2024,45.401905849576
7,22,8,2024,45.40478892624379
7,22,9,2024,45.40596969425679
7,22,10,2024,45.40646620094777
7,22,11,2024,45.40667064487935
7,22,12,2024,45.40675826370717
7,23,1,2024,52.04597938805819
7,23,2,2024,51.838015399873264
7,23,3,2024,52.69812717987225
7,23,4,2024,48.88834954053164
7,23,5,2024,51.86431896686555
7,23,6,2024,52.59344237996266
7,23,7,2024,49.3618382588029
7,23,8,2024,52.31018397165463
7,23,9,2024,50.64301789551974
7,23,10,2024,53.51661334186793
7,23,11,2024,45.282254993915565
7,23,12,2024,39.65529257059098
7,24,1,2024,29.965992137789726
7,24,2,2024,29.888537093997
7,24,3,2024,30.140762493014336
7,24,4,2024,29.319353505969048
7,24,5,2024,31.994379684329033
7,24,6,2024,27.332473918795586
7,24,7,2024,36.219745084643364
7,24,8,2024,27.69776265323162
7,24,9,2024,36.47089569270611
7,24,10,2024,26.280218526721
7,24,11,2024,34.71473400294781
7,24,12,2024,33.482416078448296
7,25,1,2024,35.7578624561429
7,25,2,2024,43.74694771319628
7,25,3,2024,37.532053239643574
7,25,4,2024,35.23295087367296
7,25,5,2024,40.989050813019276
7,25,6,2024,36.2788859680295
7,25,7,2024,46.48442479968071
7,25,8,2024,40.03355360776186
7,25,9,2024,39.152106173336506
7,25,10,2024,25.143369942903515
7,25,11,2024,38.86509466916323
7,25,12,2024,22.298069745302197
7,26,1,2024,98.73080602288248
7,26,2,2024,95.61661544442178
7,26,3,2024,93.6789828836918
7,26,4,2024,98.59981885552408
7,26,5,2024,95.53512969613077
7,26,6,2024,93.6282986700535
7,26,7,2024,98.80339637398721
7,26,8,2024,95.6617766916752
7,26,9,2024,93.70707669854166
7,26,10,2024,98.48709169030191
7,26,11,2024,95.46498313546182
7,26,12,2024,93.58465257287027
7,27,1,2024,13.966819286346437
7,27,2,2024,32.78861355781555
7,27,3,2024,30.724227905273438
7,27,4,2024,30.74422526359558
7,27,5,2024,30.744031190872192
7,27,6,2024,30.744036436080933
7,27,7,2024,30.744031190872192
7,27,8,2024,30.744036436080933
7,27,9,2024,30.744031190872192
7,27,10,2024,30.744036436080933
7,27,11,2024,30.744031190872192
7,27,12,2024,30.744036436080933
7,28,1,2024,24.09854748100042
7,28,2,2024,32.42285135388374
7,28,3,2024,26.754453681409355
7,28,4,2024,23.571215175092217
7,28,5,2024,27.202714465558525
7,28,6,2024,21.772350102663037
7,28,7,2024,22.748713992536064
7,28,8,2024,21.74626043438911
7,28,9,2024,22.7754960283637
7,28,10,2024,21.718786031007763
7,28,11,2024,22.8036942705512
7,28,12,2024,21.689801007509228
7,29,1,2024,40.30202978104353
7,29,2,2024,44.43910785764456
7,29,3,2024,38.95818539708853
7,29,4,2024,41.847900830209255
7,29,5,2024,42.39109509438276
7,29,6,2024,41.671442322432995
7,29,7,2024,42.62486905604601
7,29,8,2024,41.36174541711807
7,29,9,2024,43.03516321629286
7,29,10,2024,40.81817799061537
7,29,11,2024,43.75529342144728
7,29,12,2024,39.864133678376675
7,30,1,2024,12.978138630278409
7,30,2,2024,14.594665259122849
7,30,3,2024,8.834872454404831
7,30,4,2024,9.666292876005173
7,30,5,2024,14.382139891386032
7,30,6,2024,9.410762041807175
7,30,7,2024,12.387868136167526
7,30,8,2024,13.314955409616232
7,30,9,2024,13.576047033071518
7,30,10,2024,12.57116275653243
7,30,11,2024,13.71234080195427
7,30,12,2024,12.084776371717453
7,31,1,2024,2.3721947371959686
7,31,2,2024,2.547194391489029
7,31,3,2024,2.6472788751125336
7,31,4,2024,2.7045185565948486
7,31,5,2024,2.737254649400711
7,31,6,2024,2.7559767365455627
7,31,7,2024,2.766684114933014
7,31,8,2024,2.772807866334915
7,31,9,2024,2.7763100266456604
7,31,10,2024,2.778313100337982
7,31,11,2024,2.779458671808243
7,31,12,2024,2.7801136672496796
7,32,1,2024,23.115650797262788
7,32,2,2024,18.98944228887558
7,32,3,2024,23.11825448460877
7,32,4,2024,18.986198291182518
7,32,5,2024,23.119054721668363
7,32,6,2024,18.985201716423035
7,32,7,2024,23.119301149621606
7,32,8,2024,18.984893932938576
7,32,9,2024,23.119376385584474
7,32,10,2024,18.984801799058914
7,32,11,2024,23.11939931847155
7,32,12,2024,18.984773635864258
7,33,1,2024,18.018408626317978
7,33,2,2024,19.133128322660923
7,33,3,2024,20.104920364916325
7,33,4,2024,20.95211038738489
7,33,5,2024,21.69067630916834
7,33,6,2024,20.580009318888187
7,33,7,2024,21.366286374628544
7,33,8,2024,21.123122669756413
7,33,9,2024,21.530249811708927
7,33,10,2024,20.848602153360844
7,33,11,2024,21.60043964534998
7,33,12,2024,20.731091000139713
